date,security_id,price,currency
2025-12-01,AAPL US Equity,248.57,USD
2025-12-01,Cash,1.00,EUR
2025-12-01,DBR 0 08/15/29 Govt,91.07,EUR
2025-12-01,EURUSD Curncy,1.0841,USD
2025-12-01,GBPUSD Curncy,1.2802,USD
2025-12-01,GLD US Equity,184.13,USD
2025-12-01,JPM US Equity,211.09,USD
2025-12-01,MSFT US Equity,411.18,USD
2025-12-01,SPX Index,5889.3,USD
2025-12-01,SPY US Equity,583.43,USD
2025-12-01,SX5E Index,4588.11,EUR
2025-12-01,TLT US Equity,84.75,USD
2025-12-01,US912810TM79 Govt,90.9,USD
2025-12-01,US912828YK09 Govt,96.3,USD
2025-12-01,XS2543791470 Corp,98.03,EUR
2025-12-02,AAPL US Equity,243.09,USD
2025-12-02,Cash,1.00,EUR
2025-12-02,DBR 0 08/15/29 Govt,90.88,EUR
2025-12-02,EURUSD Curncy,1.0835,USD
2025-12-02,GBPUSD Curncy,1.2723,USD
2025-12-02,GLD US Equity,184.59,USD
2025-12-02,JPM US Equity,208.55,USD
2025-12-02,MSFT US Equity,407.45,USD
2025-12-02,SPX Index,5854.49,USD
2025-12-02,SPY US Equity,582.42,USD
2025-12-02,SX5E Index,4699.65,EUR
2025-12-02,TLT US Equity,85.54,USD
2025-12-02,US912810TM79 Govt,91.56,USD
2025-12-02,US912828YK09 Govt,96.22,USD
2025-12-02,XS2543791470 Corp,97.54,EUR
2025-12-03,AAPL US Equity,244.05,USD
2025-12-03,Cash,1.00,EUR
2025-12-03,DBR 0 08/15/29 Govt,90.99,EUR
2025-12-03,EURUSD Curncy,1.0863,USD
2025-12-03,GBPUSD Curncy,1.2737,USD
2025-12-03,GLD US Equity,185.2,USD
2025-12-03,JPM US Equity,213.77,USD
2025-12-03,MSFT US Equity,407.83,USD
2025-12-03,SPX Index,6007.6,USD
2025-12-03,SPY US Equity,586.92,USD
2025-12-03,SX5E Index,4774.44,EUR
2025-12-03,TLT US Equity,84.8,USD
2025-12-03,US912810TM79 Govt,91.54,USD
2025-12-03,US912828YK09 Govt,95.83,USD
2025-12-03,XS2543791470 Corp,97.22,EUR
2025-12-04,AAPL US Equity,249.82,USD
2025-12-04,Cash,1.00,EUR
2025-12-04,DBR 0 08/15/29 Govt,90.8,EUR
2025-12-04,EURUSD Curncy,1.093,USD
2025-12-04,GBPUSD Curncy,1.2821,USD
2025-12-04,GLD US Equity,184.43,USD
2025-12-04,JPM US Equity,214.13,USD
2025-12-04,MSFT US Equity,405.43,USD
2025-12-04,SPX Index,5963.66,USD
2025-12-04,SPY US Equity,597.7,USD
2025-12-04,SX5E Index,4810.3,EUR
2025-12-04,TLT US Equity,85.22,USD
2025-12-04,US912810TM79 Govt,91.02,USD
2025-12-04,US912828YK09 Govt,95.56,USD
2025-12-04,XS2543791470 Corp,96.62,EUR
2025-12-05,AAPL US Equity,242.65,USD
2025-12-05,Cash,1.00,EUR
2025-12-05,DBR 0 08/15/29 Govt,90.69,EUR
2025-12-05,EURUSD Curncy,1.0919,USD
2025-12-05,GBPUSD Curncy,1.2718,USD
2025-12-05,GLD US Equity,183.53,USD
2025-12-05,JPM US Equity,218.19,USD
2025-12-05,MSFT US Equity,406.08,USD
2025-12-05,SPX Index,6016.57,USD
2025-12-05,SPY US Equity,595.98,USD
2025-12-05,SX5E Index,4795.75,EUR
2025-12-05,TLT US Equity,85.62,USD
2025-12-05,US912810TM79 Govt,91.07,USD
2025-12-05,US912828YK09 Govt,95.28,USD
2025-12-05,XS2543791470 Corp,96.64,EUR
2025-12-08,AAPL US Equity,243.42,USD
2025-12-08,Cash,1.00,EUR
2025-12-08,DBR 0 08/15/29 Govt,91.04,EUR
2025-12-08,EURUSD Curncy,1.0909,USD
2025-12-08,GBPUSD Curncy,1.273,USD
2025-12-08,GLD US Equity,182.73,USD
2025-12-08,JPM US Equity,218.39,USD
2025-12-08,MSFT US Equity,410.09,USD
2025-12-08,SPX Index,6037.78,USD
2025-12-08,SPY US Equity,594.27,USD
2025-12-08,SX5E Index,4735.9,EUR
2025-12-08,TLT US Equity,85.4,USD
2025-12-08,US912810TM79 Govt,90.82,USD
2025-12-08,US912828YK09 Govt,95.06,USD
2025-12-08,XS2543791470 Corp,96.27,EUR
2025-12-09,AAPL US Equity,244.52,USD
2025-12-09,Cash,1.00,EUR
2025-12-09,DBR 0 08/15/29 Govt,91.0,EUR
2025-12-09,EURUSD Curncy,1.0978,USD
2025-12-09,GBPUSD Curncy,1.2746,USD
2025-12-09,GLD US Equity,183.44,USD
2025-12-09,JPM US Equity,225.69,USD
2025-12-09,MSFT US Equity,419.91,USD
2025-12-09,SPX Index,6132.4,USD
2025-12-09,SPY US Equity,605.59,USD
2025-12-09,SX5E Index,4712.65,EUR
2025-12-09,TLT US Equity,85.62,USD
2025-12-09,US912810TM79 Govt,91.12,USD
2025-12-09,US912828YK09 Govt,95.05,USD
2025-12-09,XS2543791470 Corp,96.38,EUR
2025-12-10,AAPL US Equity,247.95,USD
2025-12-10,Cash,1.00,EUR
2025-12-10,DBR 0 08/15/29 Govt,91.04,EUR
2025-12-10,EURUSD Curncy,1.1012,USD
2025-12-10,GBPUSD Curncy,1.2796,USD
2025-12-10,GLD US Equity,182.66,USD
2025-12-10,JPM US Equity,232.08,USD
2025-12-10,MSFT US Equity,412.14,USD
2025-12-10,SPX Index,6247.94,USD
2025-12-10,SPY US Equity,611.15,USD
2025-12-10,SX5E Index,4779.42,EUR
2025-12-10,TLT US Equity,84.77,USD
2025-12-10,US912810TM79 Govt,90.89,USD
2025-12-10,US912828YK09 Govt,95.11,USD
2025-12-10,XS2543791470 Corp,95.63,EUR
2025-12-11,AAPL US Equity,242.45,USD
2025-12-11,Cash,1.00,EUR
2025-12-11,DBR 0 08/15/29 Govt,91.2,EUR
2025-12-11,EURUSD Curncy,1.0991,USD
2025-12-11,GBPUSD Curncy,1.2717,USD
2025-12-11,GLD US Equity,183.18,USD
2025-12-11,JPM US Equity,231.13,USD
2025-12-11,MSFT US Equity,425.49,USD
2025-12-11,SPX Index,6249.89,USD
2025-12-11,SPY US Equity,607.67,USD
2025-12-11,SX5E Index,4897.54,EUR
2025-12-11,TLT US Equity,85.4,USD
2025-12-11,US912810TM79 Govt,90.72,USD
2025-12-11,US912828YK09 Govt,95.56,USD
2025-12-11,XS2543791470 Corp,95.79,EUR
2025-12-12,AAPL US Equity,236.71,USD
2025-12-12,Cash,1.00,EUR
2025-12-12,DBR 0 08/15/29 Govt,91.29,EUR
2025-12-12,EURUSD Curncy,1.1015,USD
2025-12-12,GBPUSD Curncy,1.2633,USD
2025-12-12,GLD US Equity,187.01,USD
2025-12-12,JPM US Equity,234.72,USD
2025-12-12,MSFT US Equity,413.17,USD
2025-12-12,SPX Index,6193.2,USD
2025-12-12,SPY US Equity,611.6,USD
2025-12-12,SX5E Index,4996.37,EUR
2025-12-12,TLT US Equity,85.27,USD
2025-12-12,US912810TM79 Govt,90.04,USD
2025-12-12,US912828YK09 Govt,95.27,USD
2025-12-12,XS2543791470 Corp,96.19,EUR
2025-12-15,AAPL US Equity,238.91,USD
2025-12-15,Cash,1.00,EUR
2025-12-15,DBR 0 08/15/29 Govt,91.32,EUR
2025-12-15,EURUSD Curncy,1.0994,USD
2025-12-15,GBPUSD Curncy,1.2666,USD
2025-12-15,GLD US Equity,188.64,USD
2025-12-15,JPM US Equity,237.13,USD
2025-12-15,MSFT US Equity,412.18,USD
2025-12-15,SPX Index,6227.03,USD
2025-12-15,SPY US Equity,608.16,USD
2025-12-15,SX5E Index,4964.3,EUR
2025-12-15,TLT US Equity,84.91,USD
2025-12-15,US912810TM79 Govt,89.88,USD
2025-12-15,US912828YK09 Govt,95.55,USD
2025-12-15,XS2543791470 Corp,95.23,EUR
2025-12-16,AAPL US Equity,240.15,USD
2025-12-16,Cash,1.00,EUR
2025-12-16,DBR 0 08/15/29 Govt,91.38,EUR
2025-12-16,EURUSD Curncy,1.0974,USD
2025-12-16,GBPUSD Curncy,1.2684,USD
2025-12-16,GLD US Equity,188.02,USD
2025-12-16,JPM US Equity,242.35,USD
2025-12-16,MSFT US Equity,415.79,USD
2025-12-16,SPX Index,6176.15,USD
2025-12-16,SPY US Equity,604.73,USD
2025-12-16,SX5E Index,4892.15,EUR
2025-12-16,TLT US Equity,85.62,USD
2025-12-16,US912810TM79 Govt,89.01,USD
2025-12-16,US912828YK09 Govt,95.49,USD
2025-12-16,XS2543791470 Corp,95.41,EUR
2025-12-17,AAPL US Equity,241.2,USD
2025-12-17,Cash,1.00,EUR
2025-12-17,DBR 0 08/15/29 Govt,91.82,EUR
2025-12-17,EURUSD Curncy,1.0984,USD
2025-12-17,GBPUSD Curncy,1.27,USD
2025-12-17,GLD US Equity,190.28,USD
2025-12-17,JPM US Equity,238.6,USD
2025-12-17,MSFT US Equity,417.5,USD
2025-12-17,SPX Index,6326.73,USD
2025-12-17,SPY US Equity,606.44,USD
2025-12-17,SX5E Index,4900.71,EUR
2025-12-17,TLT US Equity,85.14,USD
2025-12-17,US912810TM79 Govt,88.44,USD
2025-12-17,US912828YK09 Govt,95.47,USD
2025-12-17,XS2543791470 Corp,95.99,EUR
2025-12-18,AAPL US Equity,242.67,USD
2025-12-18,Cash,1.00,EUR
2025-12-18,DBR 0 08/15/29 Govt,91.81,EUR
2025-12-18,EURUSD Curncy,1.09,USD
2025-12-18,GBPUSD Curncy,1.2722,USD
2025-12-18,GLD US Equity,189.49,USD
2025-12-18,JPM US Equity,241.21,USD
2025-12-18,MSFT US Equity,413.57,USD
2025-12-18,SPX Index,6336.64,USD
2025-12-18,SPY US Equity,592.64,USD
2025-12-18,SX5E Index,4788.92,EUR
2025-12-18,TLT US Equity,84.18,USD
2025-12-18,US912810TM79 Govt,88.71,USD
2025-12-18,US912828YK09 Govt,95.67,USD
2025-12-18,XS2543791470 Corp,95.41,EUR
2025-12-19,AAPL US Equity,239.68,USD
2025-12-19,Cash,1.00,EUR
2025-12-19,DBR 0 08/15/29 Govt,91.85,EUR
2025-12-19,EURUSD Curncy,1.0825,USD
2025-12-19,GBPUSD Curncy,1.2679,USD
2025-12-19,GLD US Equity,185.66,USD
2025-12-19,JPM US Equity,245.3,USD
2025-12-19,MSFT US Equity,412.23,USD
2025-12-19,SPX Index,6308.47,USD
2025-12-19,SPY US Equity,580.45,USD
2025-12-19,SX5E Index,4808.68,EUR
2025-12-19,TLT US Equity,83.14,USD
2025-12-19,US912810TM79 Govt,88.99,USD
2025-12-19,US912828YK09 Govt,95.35,USD
2025-12-19,XS2543791470 Corp,96.21,EUR
2025-12-22,AAPL US Equity,240.64,USD
2025-12-22,Cash,1.00,EUR
2025-12-22,DBR 0 08/15/29 Govt,92.04,EUR
2025-12-22,EURUSD Curncy,1.0801,USD
2025-12-22,GBPUSD Curncy,1.2693,USD
2025-12-22,GLD US Equity,183.79,USD
2025-12-22,JPM US Equity,238.46,USD
2025-12-22,MSFT US Equity,409.15,USD
2025-12-22,SPX Index,6322.01,USD
2025-12-22,SPY US Equity,576.51,USD
2025-12-22,SX5E Index,4799.05,EUR
2025-12-22,TLT US Equity,83.54,USD
2025-12-22,US912810TM79 Govt,89.14,USD
2025-12-22,US912828YK09 Govt,95.45,USD
2025-12-22,XS2543791470 Corp,96.41,EUR
2025-12-23,AAPL US Equity,241.88,USD
2025-12-23,Cash,1.00,EUR
2025-12-23,DBR 0 08/15/29 Govt,92.25,EUR
2025-12-23,EURUSD Curncy,1.0757,USD
2025-12-23,GBPUSD Curncy,1.2712,USD
2025-12-23,GLD US Equity,180.37,USD
2025-12-23,JPM US Equity,233.96,USD
2025-12-23,MSFT US Equity,405.5,USD
2025-12-23,SPX Index,6220.19,USD
2025-12-23,SPY US Equity,569.5,USD
2025-12-23,SX5E Index,4769.66,EUR
2025-12-23,TLT US Equity,82.68,USD
2025-12-23,US912810TM79 Govt,88.8,USD
2025-12-23,US912828YK09 Govt,95.5,USD
2025-12-23,XS2543791470 Corp,96.07,EUR
2025-12-24,AAPL US Equity,238.75,USD
2025-12-24,Cash,1.00,EUR
2025-12-24,DBR 0 08/15/29 Govt,92.46,EUR
2025-12-24,EURUSD Curncy,1.0771,USD
2025-12-24,GBPUSD Curncy,1.2666,USD
2025-12-24,GLD US Equity,179.73,USD
2025-12-24,JPM US Equity,226.42,USD
2025-12-24,MSFT US Equity,410.66,USD
2025-12-24,SPX Index,6147.64,USD
2025-12-24,SPY US Equity,571.61,USD
2025-12-24,SX5E Index,4671.41,EUR
2025-12-24,TLT US Equity,83.85,USD
2025-12-24,US912810TM79 Govt,88.78,USD
2025-12-24,US912828YK09 Govt,95.64,USD
2025-12-24,XS2543791470 Corp,96.05,EUR
2025-12-25,AAPL US Equity,246.86,USD
2025-12-25,Cash,1.00,EUR
2025-12-25,DBR 0 08/15/29 Govt,92.58,EUR
2025-12-25,EURUSD Curncy,1.0732,USD
2025-12-25,GBPUSD Curncy,1.2785,USD
2025-12-25,GLD US Equity,179.76,USD
2025-12-25,JPM US Equity,225.41,USD
2025-12-25,MSFT US Equity,412.82,USD
2025-12-25,SPX Index,6236.39,USD
2025-12-25,SPY US Equity,565.38,USD
2025-12-25,SX5E Index,4702.3,EUR
2025-12-25,TLT US Equity,82.46,USD
2025-12-25,US912810TM79 Govt,88.78,USD
2025-12-25,US912828YK09 Govt,95.73,USD
2025-12-25,XS2543791470 Corp,96.31,EUR
2025-12-26,AAPL US Equity,248.93,USD
2025-12-26,Cash,1.00,EUR
2025-12-26,DBR 0 08/15/29 Govt,92.37,EUR
2025-12-26,EURUSD Curncy,1.0671,USD
2025-12-26,GBPUSD Curncy,1.2815,USD
2025-12-26,GLD US Equity,182.79,USD
2025-12-26,JPM US Equity,227.99,USD
2025-12-26,MSFT US Equity,408.5,USD
2025-12-26,SPX Index,6186.98,USD
2025-12-26,SPY US Equity,555.84,USD
2025-12-26,SX5E Index,4669.46,EUR
2025-12-26,TLT US Equity,83.59,USD
2025-12-26,US912810TM79 Govt,88.37,USD
2025-12-26,US912828YK09 Govt,96.43,USD
2025-12-26,XS2543791470 Corp,96.35,EUR
2025-12-29,AAPL US Equity,243.61,USD
2025-12-29,Cash,1.00,EUR
2025-12-29,DBR 0 08/15/29 Govt,92.67,EUR
2025-12-29,EURUSD Curncy,1.0734,USD
2025-12-29,GBPUSD Curncy,1.2739,USD
2025-12-29,GLD US Equity,183.38,USD
2025-12-29,JPM US Equity,233.5,USD
2025-12-29,MSFT US Equity,414.01,USD
2025-12-29,SPX Index,6109.3,USD
2025-12-29,SPY US Equity,565.66,USD
2025-12-29,SX5E Index,4598.59,EUR
2025-12-29,TLT US Equity,83.72,USD
2025-12-29,US912810TM79 Govt,88.9,USD
2025-12-29,US912828YK09 Govt,96.25,USD
2025-12-29,XS2543791470 Corp,96.61,EUR
2025-12-30,AAPL US Equity,246.47,USD
2025-12-30,Cash,1.00,EUR
2025-12-30,DBR 0 08/15/29 Govt,92.46,EUR
2025-12-30,EURUSD Curncy,1.0724,USD
2025-12-30,GBPUSD Curncy,1.278,USD
2025-12-30,GLD US Equity,182.96,USD
2025-12-30,JPM US Equity,233.75,USD
2025-12-30,MSFT US Equity,415.87,USD
2025-12-30,SPX Index,6148.33,USD
2025-12-30,SPY US Equity,564.09,USD
2025-12-30,SX5E Index,4429.67,EUR
2025-12-30,TLT US Equity,83.66,USD
2025-12-30,US912810TM79 Govt,89.21,USD
2025-12-30,US912828YK09 Govt,96.09,USD
2025-12-30,XS2543791470 Corp,96.16,EUR
2025-12-31,AAPL US Equity,242.14,USD
2025-12-31,Cash,1.00,EUR
2025-12-31,DBR 0 08/15/29 Govt,92.52,EUR
2025-12-31,EURUSD Curncy,1.0727,USD
2025-12-31,GBPUSD Curncy,1.2718,USD
2025-12-31,GLD US Equity,184.48,USD
2025-12-31,JPM US Equity,239.89,USD
2025-12-31,MSFT US Equity,420.93,USD
2025-12-31,SPX Index,6235.98,USD
2025-12-31,SPY US Equity,564.51,USD
2025-12-31,SX5E Index,4427.71,EUR
2025-12-31,TLT US Equity,83.29,USD
2025-12-31,US912810TM79 Govt,89.13,USD
2025-12-31,US912828YK09 Govt,95.91,USD
2025-12-31,XS2543791470 Corp,96.24,EUR
2026-01-01,AAPL US Equity,245.56,USD
2026-01-01,Cash,1.00,EUR
2026-01-01,DBR 0 08/15/29 Govt,92.38,EUR
2026-01-01,EURUSD Curncy,1.0666,USD
2026-01-01,GBPUSD Curncy,1.2768,USD
2026-01-01,GLD US Equity,180.44,USD
2026-01-01,JPM US Equity,234.62,USD
2026-01-01,MSFT US Equity,424.87,USD
2026-01-01,SPX Index,6289.56,USD
2026-01-01,SPY US Equity,554.9,USD
2026-01-01,SX5E Index,4530.53,EUR
2026-01-01,TLT US Equity,83.55,USD
2026-01-01,US912810TM79 Govt,89.14,USD
2026-01-01,US912828YK09 Govt,95.75,USD
2026-01-01,XS2543791470 Corp,95.56,EUR
2026-01-02,AAPL US Equity,250.69,USD
2026-01-02,Cash,1.00,EUR
2026-01-02,DBR 0 08/15/29 Govt,92.36,EUR
2026-01-02,EURUSD Curncy,1.0642,USD
2026-01-02,GBPUSD Curncy,1.2842,USD
2026-01-02,GLD US Equity,180.85,USD
2026-01-02,JPM US Equity,228.29,USD
2026-01-02,MSFT US Equity,419.58,USD
2026-01-02,SPX Index,6364.73,USD
2026-01-02,SPY US Equity,551.24,USD
2026-01-02,SX5E Index,4629.04,EUR
2026-01-02,TLT US Equity,83.53,USD
2026-01-02,US912810TM79 Govt,89.21,USD
2026-01-02,US912828YK09 Govt,95.57,USD
2026-01-02,XS2543791470 Corp,95.51,EUR
2026-01-05,AAPL US Equity,246.98,USD
2026-01-05,Cash,1.00,EUR
2026-01-05,DBR 0 08/15/29 Govt,92.43,EUR
2026-01-05,EURUSD Curncy,1.0647,USD
2026-01-05,GBPUSD Curncy,1.2789,USD
2026-01-05,GLD US Equity,182.24,USD
2026-01-05,JPM US Equity,228.05,USD
2026-01-05,MSFT US Equity,416.02,USD
2026-01-05,SPX Index,6306.74,USD
2026-01-05,SPY US Equity,551.94,USD
2026-01-05,SX5E Index,4601.23,EUR
2026-01-05,TLT US Equity,84.26,USD
2026-01-05,US912810TM79 Govt,88.49,USD
2026-01-05,US912828YK09 Govt,95.91,USD
2026-01-05,XS2543791470 Corp,95.08,EUR
2026-01-06,AAPL US Equity,251.26,USD
2026-01-06,Cash,1.00,EUR
2026-01-06,DBR 0 08/15/29 Govt,92.48,EUR
2026-01-06,EURUSD Curncy,1.0598,USD
2026-01-06,GBPUSD Curncy,1.2851,USD
2026-01-06,GLD US Equity,179.56,USD
2026-01-06,JPM US Equity,229.43,USD
2026-01-06,MSFT US Equity,420.66,USD
2026-01-06,SPX Index,6199.6,USD
2026-01-06,SPY US Equity,544.33,USD
2026-01-06,SX5E Index,4564.96,EUR
2026-01-06,TLT US Equity,84.34,USD
2026-01-06,US912810TM79 Govt,88.4,USD
2026-01-06,US912828YK09 Govt,96.32,USD
2026-01-06,XS2543791470 Corp,94.73,EUR
2026-01-07,AAPL US Equity,253.09,USD
2026-01-07,Cash,1.00,EUR
2026-01-07,DBR 0 08/15/29 Govt,92.56,EUR
2026-01-07,EURUSD Curncy,1.0614,USD
2026-01-07,GBPUSD Curncy,1.2877,USD
2026-01-07,GLD US Equity,181.62,USD
2026-01-07,JPM US Equity,229.28,USD
2026-01-07,MSFT US Equity,424.48,USD
2026-01-07,SPX Index,6311.85,USD
2026-01-07,SPY US Equity,546.75,USD
2026-01-07,SX5E Index,4592.48,EUR
2026-01-07,TLT US Equity,84.44,USD
2026-01-07,US912810TM79 Govt,88.16,USD
2026-01-07,US912828YK09 Govt,96.16,USD
2026-01-07,XS2543791470 Corp,95.31,EUR
2026-01-08,AAPL US Equity,256.82,USD
2026-01-08,Cash,1.00,EUR
2026-01-08,DBR 0 08/15/29 Govt,92.86,EUR
2026-01-08,EURUSD Curncy,1.0588,USD
2026-01-08,GBPUSD Curncy,1.293,USD
2026-01-08,GLD US Equity,182.22,USD
2026-01-08,JPM US Equity,221.79,USD
2026-01-08,MSFT US Equity,424.3,USD
2026-01-08,SPX Index,6287.01,USD
2026-01-08,SPY US Equity,542.78,USD
2026-01-08,SX5E Index,4532.87,EUR
2026-01-08,TLT US Equity,84.19,USD
2026-01-08,US912810TM79 Govt,87.8,USD
2026-01-08,US912828YK09 Govt,95.92,USD
2026-01-08,XS2543791470 Corp,95.83,EUR
2026-01-09,AAPL US Equity,265.7,USD
2026-01-09,Cash,1.00,EUR
2026-01-09,DBR 0 08/15/29 Govt,92.95,EUR
2026-01-09,EURUSD Curncy,1.0576,USD
2026-01-09,GBPUSD Curncy,1.3053,USD
2026-01-09,GLD US Equity,181.46,USD
2026-01-09,JPM US Equity,221.45,USD
2026-01-09,MSFT US Equity,425.0,USD
2026-01-09,SPX Index,6267.66,USD
2026-01-09,SPY US Equity,540.85,USD
2026-01-09,SX5E Index,4550.31,EUR
2026-01-09,TLT US Equity,84.15,USD
2026-01-09,US912810TM79 Govt,87.71,USD
2026-01-09,US912828YK09 Govt,96.05,USD
2026-01-09,XS2543791470 Corp,96.13,EUR
2026-01-12,AAPL US Equity,264.48,USD
2026-01-12,Cash,1.00,EUR
2026-01-12,DBR 0 08/15/29 Govt,92.9,EUR
2026-01-12,EURUSD Curncy,1.055,USD
2026-01-12,GBPUSD Curncy,1.3037,USD
2026-01-12,GLD US Equity,182.6,USD
2026-01-12,JPM US Equity,216.85,USD
2026-01-12,MSFT US Equity,433.17,USD
2026-01-12,SPX Index,6367.9,USD
2026-01-12,SPY US Equity,536.92,USD
2026-01-12,SX5E Index,4595.46,EUR
2026-01-12,TLT US Equity,84.35,USD
2026-01-12,US912810TM79 Govt,88.34,USD
2026-01-12,US912828YK09 Govt,95.89,USD
2026-01-12,XS2543791470 Corp,95.6,EUR
2026-01-13,AAPL US Equity,260.88,USD
2026-01-13,Cash,1.00,EUR
2026-01-13,DBR 0 08/15/29 Govt,93.08,EUR
2026-01-13,EURUSD Curncy,1.0629,USD
2026-01-13,GBPUSD Curncy,1.2988,USD
2026-01-13,GLD US Equity,186.79,USD
2026-01-13,JPM US Equity,219.15,USD
2026-01-13,MSFT US Equity,429.3,USD
2026-01-13,SPX Index,6410.08,USD
2026-01-13,SPY US Equity,548.94,USD
2026-01-13,SX5E Index,4668.95,EUR
2026-01-13,TLT US Equity,83.2,USD
2026-01-13,US912810TM79 Govt,88.56,USD
2026-01-13,US912828YK09 Govt,96.07,USD
2026-01-13,XS2543791470 Corp,95.45,EUR
2026-01-14,AAPL US Equity,256.69,USD
2026-01-14,Cash,1.00,EUR
2026-01-14,DBR 0 08/15/29 Govt,93.3,EUR
2026-01-14,EURUSD Curncy,1.0628,USD
2026-01-14,GBPUSD Curncy,1.293,USD
2026-01-14,GLD US Equity,187.12,USD
2026-01-14,JPM US Equity,220.41,USD
2026-01-14,MSFT US Equity,432.79,USD
2026-01-14,SPX Index,6444.78,USD
2026-01-14,SPY US Equity,548.82,USD
2026-01-14,SX5E Index,4662.48,EUR
2026-01-14,TLT US Equity,82.31,USD
2026-01-14,US912810TM79 Govt,88.36,USD
2026-01-14,US912828YK09 Govt,96.13,USD
2026-01-14,XS2543791470 Corp,96.03,EUR
2026-01-15,AAPL US Equity,252.91,USD
2026-01-15,Cash,1.00,EUR
2026-01-15,DBR 0 08/15/29 Govt,93.07,EUR
2026-01-15,EURUSD Curncy,1.0583,USD
2026-01-15,GBPUSD Curncy,1.2877,USD
2026-01-15,GLD US Equity,187.57,USD
2026-01-15,JPM US Equity,217.1,USD
2026-01-15,MSFT US Equity,431.43,USD
2026-01-15,SPX Index,6613.93,USD
2026-01-15,SPY US Equity,541.86,USD
2026-01-15,SX5E Index,4649.76,EUR
2026-01-15,TLT US Equity,82.8,USD
2026-01-15,US912810TM79 Govt,88.56,USD
2026-01-15,US912828YK09 Govt,95.69,USD
2026-01-15,XS2543791470 Corp,96.09,EUR
2026-01-16,AAPL US Equity,252.52,USD
2026-01-16,Cash,1.00,EUR
2026-01-16,DBR 0 08/15/29 Govt,93.18,EUR
2026-01-16,EURUSD Curncy,1.0618,USD
2026-01-16,GBPUSD Curncy,1.2872,USD
2026-01-16,GLD US Equity,186.7,USD
2026-01-16,JPM US Equity,215.29,USD
2026-01-16,MSFT US Equity,429.97,USD
2026-01-16,SPX Index,6562.58,USD
2026-01-16,SPY US Equity,547.19,USD
2026-01-16,SX5E Index,4596.6,EUR
2026-01-16,TLT US Equity,82.91,USD
2026-01-16,US912810TM79 Govt,89.06,USD
2026-01-16,US912828YK09 Govt,96.14,USD
2026-01-16,XS2543791470 Corp,97.21,EUR
2026-01-19,AAPL US Equity,254.03,USD
2026-01-19,Cash,1.00,EUR
2026-01-19,DBR 0 08/15/29 Govt,93.31,EUR
2026-01-19,EURUSD Curncy,1.0566,USD
2026-01-19,GBPUSD Curncy,1.2894,USD
2026-01-19,GLD US Equity,185.11,USD
2026-01-19,JPM US Equity,211.65,USD
2026-01-19,MSFT US Equity,437.07,USD
2026-01-19,SPX Index,6635.58,USD
2026-01-19,SPY US Equity,539.19,USD
2026-01-19,SX5E Index,4547.07,EUR
2026-01-19,TLT US Equity,82.78,USD
2026-01-19,US912810TM79 Govt,89.39,USD
2026-01-19,US912828YK09 Govt,96.66,USD
2026-01-19,XS2543791470 Corp,97.4,EUR
2026-01-20,AAPL US Equity,255.26,USD
2026-01-20,Cash,1.00,EUR
2026-01-20,DBR 0 08/15/29 Govt,93.26,EUR
2026-01-20,EURUSD Curncy,1.0575,USD
2026-01-20,GBPUSD Curncy,1.2912,USD
2026-01-20,GLD US Equity,186.65,USD
2026-01-20,JPM US Equity,211.41,USD
2026-01-20,MSFT US Equity,442.47,USD
2026-01-20,SPX Index,6639.65,USD
2026-01-20,SPY US Equity,540.51,USD
2026-01-20,SX5E Index,4533.32,EUR
2026-01-20,TLT US Equity,82.79,USD
2026-01-20,US912810TM79 Govt,89.41,USD
2026-01-20,US912828YK09 Govt,96.48,USD
2026-01-20,XS2543791470 Corp,97.5,EUR
2026-01-21,AAPL US Equity,259.05,USD
2026-01-21,Cash,1.00,EUR
2026-01-21,DBR 0 08/15/29 Govt,93.51,EUR
2026-01-21,EURUSD Curncy,1.0492,USD
2026-01-21,GBPUSD Curncy,1.2965,USD
2026-01-21,GLD US Equity,185.05,USD
2026-01-21,JPM US Equity,214.64,USD
2026-01-21,MSFT US Equity,447.85,USD
2026-01-21,SPX Index,6660.6,USD
2026-01-21,SPY US Equity,527.91,USD
2026-01-21,SX5E Index,4554.64,EUR
2026-01-21,TLT US Equity,83.02,USD
2026-01-21,US912810TM79 Govt,89.18,USD
2026-01-21,US912828YK09 Govt,96.37,USD
2026-01-21,XS2543791470 Corp,97.34,EUR
2026-01-22,AAPL US Equity,259.07,USD
2026-01-22,Cash,1.00,EUR
2026-01-22,DBR 0 08/15/29 Govt,93.49,EUR
2026-01-22,EURUSD Curncy,1.0437,USD
2026-01-22,GBPUSD Curncy,1.2966,USD
2026-01-22,GLD US Equity,185.17,USD
2026-01-22,JPM US Equity,211.25,USD
2026-01-22,MSFT US Equity,456.65,USD
2026-01-22,SPX Index,6783.41,USD
2026-01-22,SPY US Equity,519.52,USD
2026-01-22,SX5E Index,4608.67,EUR
2026-01-22,TLT US Equity,82.66,USD
2026-01-22,US912810TM79 Govt,89.43,USD
2026-01-22,US912828YK09 Govt,96.45,USD
2026-01-22,XS2543791470 Corp,97.41,EUR
2026-01-23,AAPL US Equity,265.89,USD
2026-01-23,Cash,1.00,EUR
2026-01-23,DBR 0 08/15/29 Govt,93.51,EUR
2026-01-23,EURUSD Curncy,1.0445,USD
2026-01-23,GBPUSD Curncy,1.306,USD
2026-01-23,GLD US Equity,184.28,USD
2026-01-23,JPM US Equity,212.93,USD
2026-01-23,MSFT US Equity,456.75,USD
2026-01-23,SPX Index,6824.38,USD
2026-01-23,SPY US Equity,520.71,USD
2026-01-23,SX5E Index,4560.41,EUR
2026-01-23,TLT US Equity,82.14,USD
2026-01-23,US912810TM79 Govt,89.57,USD
2026-01-23,US912828YK09 Govt,96.55,USD
2026-01-23,XS2543791470 Corp,97.33,EUR
2026-01-26,AAPL US Equity,264.58,USD
2026-01-26,Cash,1.00,EUR
2026-01-26,DBR 0 08/15/29 Govt,93.48,EUR
2026-01-26,EURUSD Curncy,1.0476,USD
2026-01-26,GBPUSD Curncy,1.3043,USD
2026-01-26,GLD US Equity,185.15,USD
2026-01-26,JPM US Equity,211.11,USD
2026-01-26,MSFT US Equity,461.39,USD
2026-01-26,SPX Index,6868.11,USD
2026-01-26,SPY US Equity,525.31,USD
2026-01-26,SX5E Index,4649.38,EUR
2026-01-26,TLT US Equity,82.27,USD
2026-01-26,US912810TM79 Govt,89.89,USD
2026-01-26,US912828YK09 Govt,96.74,USD
2026-01-26,XS2543791470 Corp,97.68,EUR
2026-01-27,AAPL US Equity,277.82,USD
2026-01-27,Cash,1.00,EUR
2026-01-27,DBR 0 08/15/29 Govt,93.48,EUR
2026-01-27,EURUSD Curncy,1.0483,USD
2026-01-27,GBPUSD Curncy,1.3221,USD
2026-01-27,GLD US Equity,185.76,USD
2026-01-27,JPM US Equity,208.42,USD
2026-01-27,MSFT US Equity,459.2,USD
2026-01-27,SPX Index,6956.57,USD
2026-01-27,SPY US Equity,526.36,USD
2026-01-27,SX5E Index,4632.63,EUR
2026-01-27,TLT US Equity,81.63,USD
2026-01-27,US912810TM79 Govt,90.11,USD
2026-01-27,US912828YK09 Govt,97.32,USD
2026-01-27,XS2543791470 Corp,98.14,EUR
2026-01-28,AAPL US Equity,280.92,USD
2026-01-28,Cash,1.00,EUR
2026-01-28,DBR 0 08/15/29 Govt,93.27,EUR
2026-01-28,EURUSD Curncy,1.0478,USD
2026-01-28,GBPUSD Curncy,1.3262,USD
2026-01-28,GLD US Equity,187.69,USD
2026-01-28,JPM US Equity,208.04,USD
2026-01-28,MSFT US Equity,461.38,USD
2026-01-28,SPX Index,6925.68,USD
2026-01-28,SPY US Equity,525.59,USD
2026-01-28,SX5E Index,4630.95,EUR
2026-01-28,TLT US Equity,81.89,USD
2026-01-28,US912810TM79 Govt,90.49,USD
2026-01-28,US912828YK09 Govt,97.27,USD
2026-01-28,XS2543791470 Corp,97.76,EUR
2026-01-29,AAPL US Equity,276.57,USD
2026-01-29,Cash,1.00,EUR
2026-01-29,DBR 0 08/15/29 Govt,93.01,EUR
2026-01-29,EURUSD Curncy,1.0465,USD
2026-01-29,GBPUSD Curncy,1.3205,USD
2026-01-29,GLD US Equity,186.73,USD
2026-01-29,JPM US Equity,204.59,USD
2026-01-29,MSFT US Equity,460.43,USD
2026-01-29,SPX Index,6855.79,USD
2026-01-29,SPY US Equity,523.65,USD
2026-01-29,SX5E Index,4585.79,EUR
2026-01-29,TLT US Equity,80.78,USD
2026-01-29,US912810TM79 Govt,90.3,USD
2026-01-29,US912828YK09 Govt,97.04,USD
2026-01-29,XS2543791470 Corp,97.11,EUR
2026-01-30,AAPL US Equity,271.25,USD
2026-01-30,Cash,1.00,EUR
2026-01-30,DBR 0 08/15/29 Govt,93.3,EUR
2026-01-30,EURUSD Curncy,1.0403,USD
2026-01-30,GBPUSD Curncy,1.3135,USD
2026-01-30,GLD US Equity,186.22,USD
2026-01-30,JPM US Equity,202.76,USD
2026-01-30,MSFT US Equity,461.05,USD
2026-01-30,SPX Index,6769.88,USD
2026-01-30,SPY US Equity,514.41,USD
2026-01-30,SX5E Index,4443.15,EUR
2026-01-30,TLT US Equity,81.45,USD
2026-01-30,US912810TM79 Govt,90.78,USD
2026-01-30,US912828YK09 Govt,96.64,USD
2026-01-30,XS2543791470 Corp,96.22,EUR
2026-02-02,AAPL US Equity,273.57,USD
2026-02-02,Cash,1.00,EUR
2026-02-02,DBR 0 08/15/29 Govt,93.15,EUR
2026-02-02,EURUSD Curncy,1.0373,USD
2026-02-02,GBPUSD Curncy,1.3166,USD
2026-02-02,GLD US Equity,184.39,USD
2026-02-02,JPM US Equity,198.89,USD
2026-02-02,MSFT US Equity,465.13,USD
2026-02-02,SPX Index,6611.53,USD
2026-02-02,SPY US Equity,509.95,USD
2026-02-02,SX5E Index,4494.13,EUR
2026-02-02,TLT US Equity,81.75,USD
2026-02-02,US912810TM79 Govt,90.85,USD
2026-02-02,US912828YK09 Govt,96.42,USD
2026-02-02,XS2543791470 Corp,96.46,EUR
2026-02-03,AAPL US Equity,272.43,USD
2026-02-03,Cash,1.00,EUR
2026-02-03,DBR 0 08/15/29 Govt,92.96,EUR
2026-02-03,EURUSD Curncy,1.0354,USD
2026-02-03,GBPUSD Curncy,1.3151,USD
2026-02-03,GLD US Equity,183.57,USD
2026-02-03,JPM US Equity,205.21,USD
2026-02-03,MSFT US Equity,459.41,USD
2026-02-03,SPX Index,6776.21,USD
2026-02-03,SPY US Equity,507.1,USD
2026-02-03,SX5E Index,4537.0,EUR
2026-02-03,TLT US Equity,81.92,USD
2026-02-03,US912810TM79 Govt,91.6,USD
2026-02-03,US912828YK09 Govt,96.41,USD
2026-02-03,XS2543791470 Corp,95.93,EUR
2026-02-04,AAPL US Equity,275.9,USD
2026-02-04,Cash,1.00,EUR
2026-02-04,DBR 0 08/15/29 Govt,92.56,EUR
2026-02-04,EURUSD Curncy,1.0398,USD
2026-02-04,GBPUSD Curncy,1.3198,USD
2026-02-04,GLD US Equity,184.25,USD
2026-02-04,JPM US Equity,205.3,USD
2026-02-04,MSFT US Equity,474.0,USD
2026-02-04,SPX Index,6686.61,USD
2026-02-04,SPY US Equity,513.54,USD
2026-02-04,SX5E Index,4520.06,EUR
2026-02-04,TLT US Equity,82.56,USD
2026-02-04,US912810TM79 Govt,91.35,USD
2026-02-04,US912828YK09 Govt,96.93,USD
2026-02-04,XS2543791470 Corp,94.9,EUR
2026-02-05,AAPL US Equity,278.22,USD
2026-02-05,Cash,1.00,EUR
2026-02-05,DBR 0 08/15/29 Govt,92.44,EUR
2026-02-05,EURUSD Curncy,1.0412,USD
2026-02-05,GBPUSD Curncy,1.3229,USD
2026-02-05,GLD US Equity,185.64,USD
2026-02-05,JPM US Equity,202.99,USD
2026-02-05,MSFT US Equity,466.85,USD
2026-02-05,SPX Index,6668.4,USD
2026-02-05,SPY US Equity,515.62,USD
2026-02-05,SX5E Index,4523.61,EUR
2026-02-05,TLT US Equity,83.67,USD
2026-02-05,US912810TM79 Govt,91.99,USD
2026-02-05,US912828YK09 Govt,96.78,USD
2026-02-05,XS2543791470 Corp,95.09,EUR
2026-02-06,AAPL US Equity,277.81,USD
2026-02-06,Cash,1.00,EUR
2026-02-06,DBR 0 08/15/29 Govt,92.2,EUR
2026-02-06,EURUSD Curncy,1.0339,USD
2026-02-06,GBPUSD Curncy,1.3224,USD
2026-02-06,GLD US Equity,183.93,USD
2026-02-06,JPM US Equity,203.66,USD
2026-02-06,MSFT US Equity,458.37,USD
2026-02-06,SPX Index,6645.81,USD
2026-02-06,SPY US Equity,504.79,USD
2026-02-06,SX5E Index,4553.67,EUR
2026-02-06,TLT US Equity,84.34,USD
2026-02-06,US912810TM79 Govt,92.06,USD
2026-02-06,US912828YK09 Govt,96.85,USD
2026-02-06,XS2543791470 Corp,96.28,EUR
2026-02-09,AAPL US Equity,273.56,USD
2026-02-09,Cash,1.00,EUR
2026-02-09,DBR 0 08/15/29 Govt,92.5,EUR
2026-02-09,EURUSD Curncy,1.0352,USD
2026-02-09,GBPUSD Curncy,1.3168,USD
2026-02-09,GLD US Equity,185.53,USD
2026-02-09,JPM US Equity,203.27,USD
2026-02-09,MSFT US Equity,466.35,USD
2026-02-09,SPX Index,6669.89,USD
2026-02-09,SPY US Equity,506.72,USD
2026-02-09,SX5E Index,4461.73,EUR
2026-02-09,TLT US Equity,83.11,USD
2026-02-09,US912810TM79 Govt,91.82,USD
2026-02-09,US912828YK09 Govt,96.84,USD
2026-02-09,XS2543791470 Corp,96.27,EUR
2026-02-10,AAPL US Equity,266.16,USD
2026-02-10,Cash,1.00,EUR
2026-02-10,DBR 0 08/15/29 Govt,92.69,EUR
2026-02-10,EURUSD Curncy,1.0336,USD
2026-02-10,GBPUSD Curncy,1.3069,USD
2026-02-10,GLD US Equity,188.05,USD
2026-02-10,JPM US Equity,202.53,USD
2026-02-10,MSFT US Equity,471.87,USD
2026-02-10,SPX Index,6735.02,USD
2026-02-10,SPY US Equity,504.35,USD
2026-02-10,SX5E Index,4430.77,EUR
2026-02-10,TLT US Equity,82.26,USD
2026-02-10,US912810TM79 Govt,91.64,USD
2026-02-10,US912828YK09 Govt,97.19,USD
2026-02-10,XS2543791470 Corp,96.68,EUR
2026-02-11,AAPL US Equity,263.99,USD
2026-02-11,Cash,1.00,EUR
2026-02-11,DBR 0 08/15/29 Govt,92.56,EUR
2026-02-11,EURUSD Curncy,1.0308,USD
2026-02-11,GBPUSD Curncy,1.304,USD
2026-02-11,GLD US Equity,188.82,USD
2026-02-11,JPM US Equity,204.5,USD
2026-02-11,MSFT US Equity,476.25,USD
2026-02-11,SPX Index,6804.43,USD
2026-02-11,SPY US Equity,500.23,USD
2026-02-11,SX5E Index,4476.38,EUR
2026-02-11,TLT US Equity,81.85,USD
2026-02-11,US912810TM79 Govt,91.52,USD
2026-02-11,US912828YK09 Govt,97.93,USD
2026-02-11,XS2543791470 Corp,96.72,EUR
2026-02-12,AAPL US Equity,268.05,USD
2026-02-12,Cash,1.00,EUR
2026-02-12,DBR 0 08/15/29 Govt,92.98,EUR
2026-02-12,EURUSD Curncy,1.0333,USD
2026-02-12,GBPUSD Curncy,1.3095,USD
2026-02-12,GLD US Equity,192.39,USD
2026-02-12,JPM US Equity,206.97,USD
2026-02-12,MSFT US Equity,480.71,USD
2026-02-12,SPX Index,6756.5,USD
2026-02-12,SPY US Equity,503.88,USD
2026-02-12,SX5E Index,4403.61,EUR
2026-02-12,TLT US Equity,81.86,USD
2026-02-12,US912810TM79 Govt,91.68,USD
2026-02-12,US912828YK09 Govt,97.77,USD
2026-02-12,XS2543791470 Corp,96.67,EUR
2026-02-13,AAPL US Equity,269.04,USD
2026-02-13,Cash,1.00,EUR
2026-02-13,DBR 0 08/15/29 Govt,93.16,EUR
2026-02-13,EURUSD Curncy,1.0376,USD
2026-02-13,GBPUSD Curncy,1.3109,USD
2026-02-13,GLD US Equity,190.89,USD
2026-02-13,JPM US Equity,205.19,USD
2026-02-13,MSFT US Equity,480.57,USD
2026-02-13,SPX Index,6742.48,USD
2026-02-13,SPY US Equity,510.12,USD
2026-02-13,SX5E Index,4420.07,EUR
2026-02-13,TLT US Equity,82.2,USD
2026-02-13,US912810TM79 Govt,91.87,USD
2026-02-13,US912828YK09 Govt,97.63,USD
2026-02-13,XS2543791470 Corp,97.11,EUR
2026-02-16,AAPL US Equity,263.03,USD
2026-02-16,Cash,1.00,EUR
2026-02-16,DBR 0 08/15/29 Govt,93.1,EUR
2026-02-16,EURUSD Curncy,1.0414,USD
2026-02-16,GBPUSD Curncy,1.3028,USD
2026-02-16,GLD US Equity,188.52,USD
2026-02-16,JPM US Equity,203.28,USD
2026-02-16,MSFT US Equity,474.09,USD
2026-02-16,SPX Index,6764.89,USD
2026-02-16,SPY US Equity,515.81,USD
2026-02-16,SX5E Index,4342.44,EUR
2026-02-16,TLT US Equity,81.72,USD
2026-02-16,US912810TM79 Govt,91.66,USD
2026-02-16,US912828YK09 Govt,97.93,USD
2026-02-16,XS2543791470 Corp,96.97,EUR
2026-02-17,AAPL US Equity,263.81,USD
2026-02-17,Cash,1.00,EUR
2026-02-17,DBR 0 08/15/29 Govt,92.64,EUR
2026-02-17,EURUSD Curncy,1.038,USD
2026-02-17,GBPUSD Curncy,1.3039,USD
2026-02-17,GLD US Equity,185.19,USD
2026-02-17,JPM US Equity,202.37,USD
2026-02-17,MSFT US Equity,474.58,USD
2026-02-17,SPX Index,6744.25,USD
2026-02-17,SPY US Equity,510.61,USD
2026-02-17,SX5E Index,4368.48,EUR
2026-02-17,TLT US Equity,81.84,USD
2026-02-17,US912810TM79 Govt,91.65,USD
2026-02-17,US912828YK09 Govt,98.13,USD
2026-02-17,XS2543791470 Corp,97.1,EUR
2026-02-18,AAPL US Equity,265.6,USD
2026-02-18,Cash,1.00,EUR
2026-02-18,DBR 0 08/15/29 Govt,93.06,EUR
2026-02-18,EURUSD Curncy,1.0367,USD
2026-02-18,GBPUSD Curncy,1.3064,USD
2026-02-18,GLD US Equity,187.97,USD
2026-02-18,JPM US Equity,195.02,USD
2026-02-18,MSFT US Equity,469.73,USD
2026-02-18,SPX Index,6875.1,USD
2026-02-18,SPY US Equity,508.68,USD
2026-02-18,SX5E Index,4366.09,EUR
2026-02-18,TLT US Equity,81.34,USD
2026-02-18,US912810TM79 Govt,92.43,USD
2026-02-18,US912828YK09 Govt,98.68,USD
2026-02-18,XS2543791470 Corp,97.25,EUR
2026-02-19,AAPL US Equity,261.37,USD
2026-02-19,Cash,1.00,EUR
2026-02-19,DBR 0 08/15/29 Govt,92.8,EUR
2026-02-19,EURUSD Curncy,1.038,USD
2026-02-19,GBPUSD Curncy,1.3006,USD
2026-02-19,GLD US Equity,189.2,USD
2026-02-19,JPM US Equity,190.33,USD
2026-02-19,MSFT US Equity,476.59,USD
2026-02-19,SPX Index,6915.23,USD
2026-02-19,SPY US Equity,510.67,USD
2026-02-19,SX5E Index,4275.01,EUR
2026-02-19,TLT US Equity,80.94,USD
2026-02-19,US912810TM79 Govt,93.07,USD
2026-02-19,US912828YK09 Govt,98.85,USD
2026-02-19,XS2543791470 Corp,96.93,EUR
2026-02-20,AAPL US Equity,262.05,USD
2026-02-20,Cash,1.00,EUR
2026-02-20,DBR 0 08/15/29 Govt,92.5,EUR
2026-02-20,EURUSD Curncy,1.0421,USD
2026-02-20,GBPUSD Curncy,1.3016,USD
2026-02-20,GLD US Equity,189.08,USD
2026-02-20,JPM US Equity,194.51,USD
2026-02-20,MSFT US Equity,475.49,USD
2026-02-20,SPX Index,6975.98,USD
2026-02-20,SPY US Equity,516.65,USD
2026-02-20,SX5E Index,4339.87,EUR
2026-02-20,TLT US Equity,80.04,USD
2026-02-20,US912810TM79 Govt,93.24,USD
2026-02-20,US912828YK09 Govt,98.74,USD
2026-02-20,XS2543791470 Corp,97.41,EUR
2026-02-23,AAPL US Equity,262.28,USD
2026-02-23,Cash,1.00,EUR
2026-02-23,DBR 0 08/15/29 Govt,92.69,EUR
2026-02-23,EURUSD Curncy,1.0401,USD
2026-02-23,GBPUSD Curncy,1.3019,USD
2026-02-23,GLD US Equity,189.6,USD
2026-02-23,JPM US Equity,199.67,USD
2026-02-23,MSFT US Equity,469.59,USD
2026-02-23,SPX Index,7031.18,USD
2026-02-23,SPY US Equity,513.65,USD
2026-02-23,SX5E Index,4298.26,EUR
2026-02-23,TLT US Equity,79.44,USD
2026-02-23,US912810TM79 Govt,93.25,USD
2026-02-23,US912828YK09 Govt,98.92,USD
2026-02-23,XS2543791470 Corp,97.32,EUR
2026-02-24,AAPL US Equity,256.9,USD
2026-02-24,Cash,1.00,EUR
2026-02-24,DBR 0 08/15/29 Govt,93.14,EUR
2026-02-24,EURUSD Curncy,1.0393,USD
2026-02-24,GBPUSD Curncy,1.2945,USD
2026-02-24,GLD US Equity,187.47,USD
2026-02-24,JPM US Equity,198.85,USD
2026-02-24,MSFT US Equity,467.27,USD
2026-02-24,SPX Index,7130.38,USD
2026-02-24,SPY US Equity,512.47,USD
2026-02-24,SX5E Index,4252.86,EUR
2026-02-24,TLT US Equity,78.59,USD
2026-02-24,US912810TM79 Govt,93.29,USD
2026-02-24,US912828YK09 Govt,99.25,USD
2026-02-24,XS2543791470 Corp,96.95,EUR
2026-02-25,AAPL US Equity,258.52,USD
2026-02-25,Cash,1.00,EUR
2026-02-25,DBR 0 08/15/29 Govt,93.4,EUR
2026-02-25,EURUSD Curncy,1.0347,USD
2026-02-25,GBPUSD Curncy,1.2968,USD
2026-02-25,GLD US Equity,192.1,USD
2026-02-25,JPM US Equity,200.67,USD
2026-02-25,MSFT US Equity,470.13,USD
2026-02-25,SPX Index,7145.37,USD
2026-02-25,SPY US Equity,505.67,USD
2026-02-25,SX5E Index,4263.6,EUR
2026-02-25,TLT US Equity,77.97,USD
2026-02-25,US912810TM79 Govt,93.52,USD
2026-02-25,US912828YK09 Govt,99.49,USD
2026-02-25,XS2543791470 Corp,97.21,EUR
2026-02-26,AAPL US Equity,261.1,USD
2026-02-26,Cash,1.00,EUR
2026-02-26,DBR 0 08/15/29 Govt,93.5,EUR
2026-02-26,EURUSD Curncy,1.0297,USD
2026-02-26,GBPUSD Curncy,1.3004,USD
2026-02-26,GLD US Equity,192.34,USD
2026-02-26,JPM US Equity,201.65,USD
2026-02-26,MSFT US Equity,466.11,USD
2026-02-26,SPX Index,7034.53,USD
2026-02-26,SPY US Equity,498.43,USD
2026-02-26,SX5E Index,4327.38,EUR
2026-02-26,TLT US Equity,78.63,USD
2026-02-26,US912810TM79 Govt,93.14,USD
2026-02-26,US912828YK09 Govt,99.64,USD
2026-02-26,XS2543791470 Corp,96.77,EUR
2026-02-27,AAPL US Equity,266.19,USD
2026-02-27,Cash,1.00,EUR
2026-02-27,DBR 0 08/15/29 Govt,93.61,EUR
2026-02-27,EURUSD Curncy,1.0331,USD
2026-02-27,GBPUSD Curncy,1.3075,USD
2026-02-27,GLD US Equity,192.54,USD
2026-02-27,JPM US Equity,211.8,USD
2026-02-27,MSFT US Equity,460.35,USD
2026-02-27,SPX Index,7067.84,USD
2026-02-27,SPY US Equity,503.28,USD
2026-02-27,SX5E Index,4270.25,EUR
2026-02-27,TLT US Equity,78.03,USD
2026-02-27,US912810TM79 Govt,93.04,USD
2026-02-27,US912828YK09 Govt,99.96,USD
2026-02-27,XS2543791470 Corp,96.79,EUR
2026-03-02,AAPL US Equity,271.25,USD
2026-03-02,Cash,1.00,EUR
2026-03-02,DBR 0 08/15/29 Govt,93.77,EUR
2026-03-02,EURUSD Curncy,1.0387,USD
2026-03-02,GBPUSD Curncy,1.3144,USD
2026-03-02,GLD US Equity,193.93,USD
2026-03-02,JPM US Equity,215.6,USD
2026-03-02,MSFT US Equity,461.98,USD
2026-03-02,SPX Index,7012.31,USD
2026-03-02,SPY US Equity,511.5,USD
2026-03-02,SX5E Index,4273.31,EUR
2026-03-02,TLT US Equity,79.69,USD
2026-03-02,US912810TM79 Govt,92.42,USD
2026-03-02,US912828YK09 Govt,100.31,USD
2026-03-02,XS2543791470 Corp,96.78,EUR
2026-03-03,AAPL US Equity,264.56,USD
2026-03-03,Cash,1.00,EUR
2026-03-03,DBR 0 08/15/29 Govt,93.92,EUR
2026-03-03,EURUSD Curncy,1.0384,USD
2026-03-03,GBPUSD Curncy,1.3053,USD
2026-03-03,GLD US Equity,194.86,USD
2026-03-03,JPM US Equity,215.13,USD
2026-03-03,MSFT US Equity,463.63,USD
2026-03-03,SPX Index,6967.47,USD
2026-03-03,SPY US Equity,511.02,USD
2026-03-03,SX5E Index,4296.84,EUR
2026-03-03,TLT US Equity,80.0,USD
2026-03-03,US912810TM79 Govt,92.57,USD
2026-03-03,US912828YK09 Govt,100.73,USD
2026-03-03,XS2543791470 Corp,97.31,EUR
2026-03-04,AAPL US Equity,260.09,USD
2026-03-04,Cash,1.00,EUR
2026-03-04,DBR 0 08/15/29 Govt,93.97,EUR
2026-03-04,EURUSD Curncy,1.0426,USD
2026-03-04,GBPUSD Curncy,1.2992,USD
2026-03-04,GLD US Equity,195.29,USD
2026-03-04,JPM US Equity,211.84,USD
2026-03-04,MSFT US Equity,460.07,USD
2026-03-04,SPX Index,7016.16,USD
2026-03-04,SPY US Equity,517.17,USD
2026-03-04,SX5E Index,4335.36,EUR
2026-03-04,TLT US Equity,80.12,USD
2026-03-04,US912810TM79 Govt,92.81,USD
2026-03-04,US912828YK09 Govt,100.92,USD
2026-03-04,XS2543791470 Corp,97.54,EUR
2026-03-05,AAPL US Equity,262.47,USD
2026-03-05,Cash,1.00,EUR
2026-03-05,DBR 0 08/15/29 Govt,93.99,EUR
2026-03-05,EURUSD Curncy,1.0441,USD
2026-03-05,GBPUSD Curncy,1.3025,USD
2026-03-05,GLD US Equity,193.74,USD
2026-03-05,JPM US Equity,206.44,USD
2026-03-05,MSFT US Equity,456.78,USD
2026-03-05,SPX Index,7120.68,USD
2026-03-05,SPY US Equity,519.38,USD
2026-03-05,SX5E Index,4344.95,EUR
2026-03-05,TLT US Equity,79.57,USD
2026-03-05,US912810TM79 Govt,92.63,USD
2026-03-05,US912828YK09 Govt,100.87,USD
2026-03-05,XS2543791470 Corp,97.52,EUR
2026-03-06,AAPL US Equity,264.86,USD
2026-03-06,Cash,1.00,EUR
2026-03-06,DBR 0 08/15/29 Govt,93.98,EUR
2026-03-06,EURUSD Curncy,1.0414,USD
2026-03-06,GBPUSD Curncy,1.3059,USD
2026-03-06,GLD US Equity,194.65,USD
2026-03-06,JPM US Equity,207.09,USD
2026-03-06,MSFT US Equity,458.32,USD
2026-03-06,SPX Index,7121.99,USD
2026-03-06,SPY US Equity,515.34,USD
2026-03-06,SX5E Index,4323.9,EUR
2026-03-06,TLT US Equity,80.01,USD
2026-03-06,US912810TM79 Govt,93.21,USD
2026-03-06,US912828YK09 Govt,100.92,USD
2026-03-06,XS2543791470 Corp,97.92,EUR
2026-03-09,AAPL US Equity,267.29,USD
2026-03-09,Cash,1.00,EUR
2026-03-09,DBR 0 08/15/29 Govt,93.83,EUR
2026-03-09,EURUSD Curncy,1.0429,USD
2026-03-09,GBPUSD Curncy,1.3092,USD
2026-03-09,GLD US Equity,198.33,USD
2026-03-09,JPM US Equity,204.57,USD
2026-03-09,MSFT US Equity,448.42,USD
2026-03-09,SPX Index,7147.91,USD
2026-03-09,SPY US Equity,517.54,USD
2026-03-09,SX5E Index,4277.27,EUR
2026-03-09,TLT US Equity,79.64,USD
2026-03-09,US912810TM79 Govt,92.76,USD
2026-03-09,US912828YK09 Govt,101.28,USD
2026-03-09,XS2543791470 Corp,98.6,EUR
2026-03-10,AAPL US Equity,286.44,USD
2026-03-10,Cash,1.00,EUR
2026-03-10,DBR 0 08/15/29 Govt,93.78,EUR
2026-03-10,EURUSD Curncy,1.0493,USD
2026-03-10,GBPUSD Curncy,1.3347,USD
2026-03-10,GLD US Equity,201.01,USD
2026-03-10,JPM US Equity,199.94,USD
2026-03-10,MSFT US Equity,439.0,USD
2026-03-10,SPX Index,7294.9,USD
2026-03-10,SPY US Equity,527.15,USD
2026-03-10,SX5E Index,4281.7,EUR
2026-03-10,TLT US Equity,79.72,USD
2026-03-10,US912810TM79 Govt,92.21,USD
2026-03-10,US912828YK09 Govt,101.03,USD
2026-03-10,XS2543791470 Corp,98.88,EUR
2026-03-11,AAPL US Equity,289.35,USD
2026-03-11,Cash,1.00,EUR
2026-03-11,DBR 0 08/15/29 Govt,93.46,EUR
2026-03-11,EURUSD Curncy,1.0491,USD
2026-03-11,GBPUSD Curncy,1.3385,USD
2026-03-11,GLD US Equity,204.23,USD
2026-03-11,JPM US Equity,197.86,USD
2026-03-11,MSFT US Equity,434.25,USD
2026-03-11,SPX Index,7315.48,USD
2026-03-11,SPY US Equity,526.88,USD
2026-03-11,SX5E Index,4222.08,EUR
2026-03-11,TLT US Equity,81.37,USD
2026-03-11,US912810TM79 Govt,92.3,USD
2026-03-11,US912828YK09 Govt,101.14,USD
2026-03-11,XS2543791470 Corp,98.88,EUR
2026-03-12,AAPL US Equity,295.28,USD
2026-03-12,Cash,1.00,EUR
2026-03-12,DBR 0 08/15/29 Govt,93.45,EUR
2026-03-12,EURUSD Curncy,1.0557,USD
2026-03-12,GBPUSD Curncy,1.3461,USD
2026-03-12,GLD US Equity,203.18,USD
2026-03-12,JPM US Equity,194.44,USD
2026-03-12,MSFT US Equity,432.81,USD
2026-03-12,SPX Index,7546.93,USD
2026-03-12,SPY US Equity,536.83,USD
2026-03-12,SX5E Index,4064.4,EUR
2026-03-12,TLT US Equity,81.3,USD
2026-03-12,US912810TM79 Govt,92.68,USD
2026-03-12,US912828YK09 Govt,101.03,USD
2026-03-12,XS2543791470 Corp,98.23,EUR
2026-03-13,AAPL US Equity,300.34,USD
2026-03-13,Cash,1.00,EUR
2026-03-13,DBR 0 08/15/29 Govt,93.26,EUR
2026-03-13,EURUSD Curncy,1.0447,USD
2026-03-13,GBPUSD Curncy,1.3525,USD
2026-03-13,GLD US Equity,201.17,USD
2026-03-13,JPM US Equity,199.73,USD
2026-03-13,MSFT US Equity,434.79,USD
2026-03-13,SPX Index,7597.77,USD
2026-03-13,SPY US Equity,520.18,USD
2026-03-13,SX5E Index,4087.19,EUR
2026-03-13,TLT US Equity,82.05,USD
2026-03-13,US912810TM79 Govt,93.31,USD
2026-03-13,US912828YK09 Govt,101.03,USD
2026-03-13,XS2543791470 Corp,97.71,EUR
2026-03-16,AAPL US Equity,303.83,USD
2026-03-16,Cash,1.00,EUR
2026-03-16,DBR 0 08/15/29 Govt,93.05,EUR
2026-03-16,EURUSD Curncy,1.0481,USD
2026-03-16,GBPUSD Curncy,1.3569,USD
2026-03-16,GLD US Equity,200.9,USD
2026-03-16,JPM US Equity,202.55,USD
2026-03-16,MSFT US Equity,444.46,USD
2026-03-16,SPX Index,7438.38,USD
2026-03-16,SPY US Equity,525.3,USD
2026-03-16,SX5E Index,4135.15,EUR
2026-03-16,TLT US Equity,81.59,USD
2026-03-16,US912810TM79 Govt,93.14,USD
2026-03-16,US912828YK09 Govt,101.42,USD
2026-03-16,XS2543791470 Corp,97.56,EUR
2026-03-17,AAPL US Equity,302.07,USD
2026-03-17,Cash,1.00,EUR
2026-03-17,DBR 0 08/15/29 Govt,93.09,EUR
2026-03-17,EURUSD Curncy,1.0485,USD
2026-03-17,GBPUSD Curncy,1.3547,USD
2026-03-17,GLD US Equity,201.0,USD
2026-03-17,JPM US Equity,202.49,USD
2026-03-17,MSFT US Equity,450.17,USD
2026-03-17,SPX Index,7505.39,USD
2026-03-17,SPY US Equity,525.81,USD
2026-03-17,SX5E Index,4009.72,EUR
2026-03-17,TLT US Equity,81.56,USD
2026-03-17,US912810TM79 Govt,93.54,USD
2026-03-17,US912828YK09 Govt,101.48,USD
2026-03-17,XS2543791470 Corp,97.26,EUR
2026-03-18,AAPL US Equity,306.17,USD
2026-03-18,Cash,1.00,EUR
2026-03-18,DBR 0 08/15/29 Govt,93.35,EUR
2026-03-18,EURUSD Curncy,1.0472,USD
2026-03-18,GBPUSD Curncy,1.3599,USD
2026-03-18,GLD US Equity,203.21,USD
2026-03-18,JPM US Equity,207.32,USD
2026-03-18,MSFT US Equity,449.04,USD
2026-03-18,SPX Index,7539.26,USD
2026-03-18,SPY US Equity,523.89,USD
2026-03-18,SX5E Index,3957.1,EUR
2026-03-18,TLT US Equity,82.72,USD
2026-03-18,US912810TM79 Govt,93.52,USD
2026-03-18,US912828YK09 Govt,101.49,USD
2026-03-18,XS2543791470 Corp,97.17,EUR
2026-03-19,AAPL US Equity,301.89,USD
2026-03-19,ASML US Equity,673.18,EUR
2026-03-19,CHFUSD Curncy,1.09,USD
2026-03-19,CHFUSD Curncy,1.0936,USD
2026-03-19,Cash,1.00,EUR
2026-03-19,DBAB Govt,101.55,EUR
2026-03-19,DBR 0 08/15/29 Govt,93.52,EUR
2026-03-19,EURUSD Curncy,1.0476,USD
2026-03-19,EXS1 Equity,419.09,EUR
2026-03-19,GBPUSD Curncy,1.3546,USD
2026-03-19,GLD US Equity,199.79,USD
2026-03-19,JPM US Equity,207.55,USD
2026-03-19,MSFT US Equity,448.86,USD
2026-03-19,NESN VX Equity,94.78,CHF
2026-03-19,SAP US Equity,190.33,EUR
2026-03-19,SPX Index,7656.3,USD
2026-03-19,SPY US Equity,524.43,USD
2026-03-19,SX5E Index,3988.74,EUR
2026-03-19,SX5E01 Corp,102.25,EUR
2026-03-19,TLT US Equity,82.31,USD
2026-03-19,US912810TM79 Govt,93.46,USD
2026-03-19,US912828YK09 Govt,101.08,USD
2026-03-19,XS2543791470 Corp,97.2,EUR
2026-03-20,AAPL US Equity,300.56,USD
2026-03-20,ASML US Equity,671.60,EUR
2026-03-20,CHFUSD Curncy,1.09,USD
2026-03-20,CHFUSD Curncy,1.0919,USD
2026-03-20,Cash,1.00,EUR
2026-03-20,DBAB Govt,102.07,EUR
2026-03-20,DBR 0 08/15/29 Govt,93.23,EUR
2026-03-20,EURUSD Curncy,1.0393,USD
2026-03-20,EXS1 Equity,418.01,EUR
2026-03-20,GBPUSD Curncy,1.353,USD
2026-03-20,GLD US Equity,202.86,USD
2026-03-20,JPM US Equity,204.68,USD
2026-03-20,MSFT US Equity,442.11,USD
2026-03-20,NESN VX Equity,93.09,CHF
2026-03-20,SAP US Equity,186.08,EUR
2026-03-20,SPX Index,7717.84,USD
2026-03-20,SPY US Equity,512.03,USD
2026-03-20,SX5E Index,4096.52,EUR
2026-03-20,SX5E01 Corp,101.52,EUR
2026-03-20,TLT US Equity,83.5,USD
2026-03-20,US912810TM79 Govt,93.79,USD
2026-03-20,US912828YK09 Govt,101.31,USD
2026-03-20,XS2543791470 Corp,97.45,EUR
2026-03-23,AAPL US Equity,297.9,USD
2026-03-23,ASML US Equity,647.70,EUR
2026-03-23,CHFUSD Curncy,1.08,USD
2026-03-23,CHFUSD Curncy,1.0908,USD
2026-03-23,Cash,1.00,EUR
2026-03-23,DBAB Govt,100.19,EUR
2026-03-23,DBR 0 08/15/29 Govt,93.04,EUR
2026-03-23,EURUSD Curncy,1.0384,USD
2026-03-23,EXS1 Equity,417.31,EUR
2026-03-23,GBPUSD Curncy,1.3497,USD
2026-03-23,GLD US Equity,202.52,USD
2026-03-23,JPM US Equity,209.71,USD
2026-03-23,MSFT US Equity,441.94,USD
2026-03-23,NESN VX Equity,93.60,CHF
2026-03-23,SAP US Equity,186.82,EUR
2026-03-23,SPX Index,7704.47,USD
2026-03-23,SPY US Equity,510.64,USD
2026-03-23,SX5E Index,4097.28,EUR
2026-03-23,SX5E01 Corp,102.20,EUR
2026-03-23,TLT US Equity,83.98,USD
2026-03-23,US912810TM79 Govt,94.03,USD
2026-03-23,US912828YK09 Govt,101.5,USD
2026-03-23,XS2543791470 Corp,97.42,EUR
2026-03-24,AAPL US Equity,298.29,USD
2026-03-24,ASML US Equity,639.09,EUR
2026-03-24,CHFUSD Curncy,1.07,USD
2026-03-24,CHFUSD Curncy,1.0977,USD
2026-03-24,Cash,1.00,EUR
2026-03-24,DBAB Govt,99.92,EUR
2026-03-24,DBR 0 08/15/29 Govt,93.22,EUR
2026-03-24,EURUSD Curncy,1.0398,USD
2026-03-24,EXS1 Equity,421.70,EUR
2026-03-24,GBPUSD Curncy,1.3502,USD
2026-03-24,GLD US Equity,201.65,USD
2026-03-24,JPM US Equity,211.49,USD
2026-03-24,MSFT US Equity,439.98,USD
2026-03-24,NESN VX Equity,93.54,CHF
2026-03-24,SAP US Equity,182.75,EUR
2026-03-24,SPX Index,7591.56,USD
2026-03-24,SPY US Equity,512.8,USD
2026-03-24,SX5E Index,4058.34,EUR
2026-03-24,SX5E01 Corp,101.03,EUR
2026-03-24,TLT US Equity,83.6,USD
2026-03-24,US912810TM79 Govt,93.44,USD
2026-03-24,US912828YK09 Govt,102.16,USD
2026-03-24,XS2543791470 Corp,97.65,EUR
2026-03-25,AAPL US Equity,310.93,USD
2026-03-25,ASML US Equity,654.31,EUR
2026-03-25,CHFUSD Curncy,1.06,USD
2026-03-25,CHFUSD Curncy,1.0964,USD
2026-03-25,Cash,1.00,EUR
2026-03-25,DBAB Govt,100.28,EUR
2026-03-25,DBR 0 08/15/29 Govt,93.03,EUR
2026-03-25,EURUSD Curncy,1.046,USD
2026-03-25,EXS1 Equity,420.89,EUR
2026-03-25,GBPUSD Curncy,1.3659,USD
2026-03-25,GLD US Equity,199.61,USD
2026-03-25,JPM US Equity,207.99,USD
2026-03-25,MSFT US Equity,442.07,USD
2026-03-25,NESN VX Equity,92.71,CHF
2026-03-25,SAP US Equity,185.66,EUR
2026-03-25,SPX Index,7572.0,USD
2026-03-25,SPY US Equity,521.94,USD
2026-03-25,SX5E Index,4048.36,EUR
2026-03-25,SX5E01 Corp,101.35,EUR
2026-03-25,TLT US Equity,84.02,USD
2026-03-25,US912810TM79 Govt,93.99,USD
2026-03-25,US912828YK09 Govt,102.07,USD
2026-03-25,XS2543791470 Corp,97.68,EUR
2026-03-26,AAPL US Equity,300.6,USD
2026-03-26,ASML US Equity,630.70,EUR
2026-03-26,CHFUSD Curncy,1.07,USD
2026-03-26,CHFUSD Curncy,1.0816,USD
2026-03-26,Cash,1.00,EUR
2026-03-26,DBAB Govt,101.50,EUR
2026-03-26,DBR 0 08/15/29 Govt,92.99,EUR
2026-03-26,EURUSD Curncy,1.0438,USD
2026-03-26,EXS1 Equity,411.44,EUR
2026-03-26,GBPUSD Curncy,1.3532,USD
2026-03-26,GLD US Equity,196.33,USD
2026-03-26,JPM US Equity,207.33,USD
2026-03-26,MSFT US Equity,436.57,USD
2026-03-26,NESN VX Equity,93.29,CHF
2026-03-26,SAP US Equity,185.67,EUR
2026-03-26,SPX Index,7494.57,USD
2026-03-26,SPY US Equity,518.67,USD
2026-03-26,SX5E Index,4121.02,EUR
2026-03-26,SX5E01 Corp,101.77,EUR
2026-03-26,TLT US Equity,84.67,USD
2026-03-26,US912810TM79 Govt,94.51,USD
2026-03-26,US912828YK09 Govt,102.13,USD
2026-03-26,XS2543791470 Corp,96.72,EUR
2026-03-27,AAPL US Equity,304.29,USD
2026-03-27,ASML US Equity,631.23,EUR
2026-03-27,CHFUSD Curncy,1.07,USD
2026-03-27,CHFUSD Curncy,1.0849,USD
2026-03-27,Cash,1.00,EUR
2026-03-27,DBAB Govt,101.56,EUR
2026-03-27,DBR 0 08/15/29 Govt,93.09,EUR
2026-03-27,EURUSD Curncy,1.0405,USD
2026-03-27,EXS1 Equity,413.49,EUR
2026-03-27,GBPUSD Curncy,1.3579,USD
2026-03-27,GLD US Equity,197.94,USD
2026-03-27,JPM US Equity,204.42,USD
2026-03-27,MSFT US Equity,439.93,USD
2026-03-27,NESN VX Equity,93.84,CHF
2026-03-27,SAP US Equity,193.30,EUR
2026-03-27,SPX Index,7442.01,USD
2026-03-27,SPY US Equity,513.62,USD
2026-03-27,SX5E Index,4086.22,EUR
2026-03-27,SX5E01 Corp,100.99,EUR
2026-03-27,TLT US Equity,85.09,USD
2026-03-27,US912810TM79 Govt,94.28,USD
2026-03-27,US912828YK09 Govt,102.21,USD
2026-03-27,XS2543791470 Corp,96.27,EUR
2026-03-30,AAPL US Equity,295.54,USD
2026-03-30,ASML US Equity,635.22,EUR
2026-03-30,CHFUSD Curncy,1.08,USD
2026-03-30,CHFUSD Curncy,1.0823,USD
2026-03-30,Cash,1.00,EUR
2026-03-30,DBAB Govt,102.37,EUR
2026-03-30,DBR 0 08/15/29 Govt,92.91,EUR
2026-03-30,EURUSD Curncy,1.0384,USD
2026-03-30,EXS1 Equity,411.83,EUR
2026-03-30,GBPUSD Curncy,1.3469,USD
2026-03-30,GLD US Equity,198.07,USD
2026-03-30,JPM US Equity,199.92,USD
2026-03-30,MSFT US Equity,450.11,USD
2026-03-30,NESN VX Equity,93.19,CHF
2026-03-30,SAP US Equity,194.28,EUR
2026-03-30,SPX Index,7494.22,USD
2026-03-30,SPY US Equity,510.5,USD
2026-03-30,SX5E Index,4043.64,EUR
2026-03-30,SX5E01 Corp,103.01,EUR
2026-03-30,TLT US Equity,84.03,USD
2026-03-30,US912810TM79 Govt,94.43,USD
2026-03-30,US912828YK09 Govt,102.69,USD
2026-03-30,XS2543791470 Corp,96.2,EUR
2026-03-31,AAPL US Equity,292.99,USD
2026-03-31,ASML US Equity,630.21,EUR
2026-03-31,CHFUSD Curncy,1.10,USD
2026-03-31,CHFUSD Curncy,1.0802,USD
2026-03-31,Cash,1.00,EUR
2026-03-31,DBAB Govt,102.04,EUR
2026-03-31,DBR 0 08/15/29 Govt,92.93,EUR
2026-03-31,EURUSD Curncy,1.0422,USD
2026-03-31,EXS1 Equity,410.49,EUR
2026-03-31,GBPUSD Curncy,1.3437,USD
2026-03-31,GLD US Equity,195.52,USD
2026-03-31,JPM US Equity,202.88,USD
2026-03-31,MSFT US Equity,449.33,USD
2026-03-31,NESN VX Equity,93.63,CHF
2026-03-31,SAP US Equity,199.06,EUR
2026-03-31,SPX Index,7645.36,USD
2026-03-31,SPY US Equity,516.1,USD
2026-03-31,SX5E Index,4018.01,EUR
2026-03-31,SX5E01 Corp,103.60,EUR
2026-03-31,TLT US Equity,83.54,USD
2026-03-31,US912810TM79 Govt,94.61,USD
2026-03-31,US912828YK09 Govt,102.66,USD
2026-03-31,XS2543791470 Corp,95.62,EUR
2026-04-01,AAPL US Equity,298.74,USD
2026-04-01,ASML US Equity,641.61,EUR
2026-04-01,CHFUSD Curncy,1.10,USD
2026-04-01,CHFUSD Curncy,1.0813,USD
2026-04-01,Cash,1.00,EUR
2026-04-01,DBAB Govt,101.44,EUR
2026-04-01,DBR 0 08/15/29 Govt,92.68,EUR
2026-04-01,EURUSD Curncy,1.0435,USD
2026-04-01,EXS1 Equity,411.21,EUR
2026-04-01,GBPUSD Curncy,1.3511,USD
2026-04-01,GLD US Equity,193.0,USD
2026-04-01,JPM US Equity,209.14,USD
2026-04-01,MSFT US Equity,451.99,USD
2026-04-01,NESN VX Equity,94.77,CHF
2026-04-01,SAP US Equity,194.39,EUR
2026-04-01,SPX Index,7681.1,USD
2026-04-01,SPY US Equity,518.1,USD
2026-04-01,SX5E Index,3968.18,EUR
2026-04-01,SX5E01 Corp,101.63,EUR
2026-04-01,TLT US Equity,83.37,USD
2026-04-01,US912810TM79 Govt,94.71,USD
2026-04-01,US912828YK09 Govt,102.75,USD
2026-04-01,XS2543791470 Corp,95.9,EUR
2026-04-02,AAPL US Equity,299.04,USD
2026-04-02,ASML US Equity,650.93,EUR
2026-04-02,CHFUSD Curncy,1.09,USD
2026-04-02,CHFUSD Curncy,1.0835,USD
2026-04-02,Cash,1.00,EUR
2026-04-02,DBAB Govt,100.89,EUR
2026-04-02,DBR 0 08/15/29 Govt,92.57,EUR
2026-04-02,EURUSD Curncy,1.0413,USD
2026-04-02,EXS1 Equity,412.64,EUR
2026-04-02,GBPUSD Curncy,1.3515,USD
2026-04-02,GLD US Equity,192.34,USD
2026-04-02,JPM US Equity,204.49,USD
2026-04-02,MSFT US Equity,456.64,USD
2026-04-02,NESN VX Equity,93.96,CHF
2026-04-02,SAP US Equity,193.96,EUR
2026-04-02,SPX Index,7571.11,USD
2026-04-02,SPY US Equity,514.78,USD
2026-04-02,SX5E Index,3974.18,EUR
2026-04-02,SX5E01 Corp,102.19,EUR
2026-04-02,TLT US Equity,83.32,USD
2026-04-02,US912810TM79 Govt,94.5,USD
2026-04-02,US912828YK09 Govt,102.94,USD
2026-04-02,XS2543791470 Corp,96.64,EUR
2026-04-03,AAPL US Equity,293.24,USD
2026-04-03,ASML US Equity,688.70,EUR
2026-04-03,CHFUSD Curncy,1.09,USD
2026-04-03,CHFUSD Curncy,1.0949,USD
2026-04-03,Cash,1.00,EUR
2026-04-03,DBAB Govt,102.12,EUR
2026-04-03,DBR 0 08/15/29 Govt,92.63,EUR
2026-04-03,EURUSD Curncy,1.0434,USD
2026-04-03,EXS1 Equity,419.84,EUR
2026-04-03,GBPUSD Curncy,1.3442,USD
2026-04-03,GLD US Equity,195.57,USD
2026-04-03,JPM US Equity,206.31,USD
2026-04-03,MSFT US Equity,453.85,USD
2026-04-03,NESN VX Equity,94.39,CHF
2026-04-03,SAP US Equity,195.09,EUR
2026-04-03,SPX Index,7611.07,USD
2026-04-03,SPY US Equity,517.93,USD
2026-04-03,SX5E Index,4058.67,EUR
2026-04-03,SX5E01 Corp,101.77,EUR
2026-04-03,TLT US Equity,83.73,USD
2026-04-03,US912810TM79 Govt,94.25,USD
2026-04-03,US912828YK09 Govt,102.99,USD
2026-04-03,XS2543791470 Corp,97.23,EUR
2026-04-06,AAPL US Equity,289.45,USD
2026-04-06,ASML US Equity,699.38,EUR
2026-04-06,CHFUSD Curncy,1.09,USD
2026-04-06,CHFUSD Curncy,1.1014,USD
2026-04-06,Cash,1.00,EUR
2026-04-06,DBAB Govt,102.93,EUR
2026-04-06,DBR 0 08/15/29 Govt,92.34,EUR
2026-04-06,EURUSD Curncy,1.0438,USD
2026-04-06,EXS1 Equity,423.98,EUR
2026-04-06,GBPUSD Curncy,1.3394,USD
2026-04-06,GLD US Equity,195.05,USD
2026-04-06,JPM US Equity,204.15,USD
2026-04-06,MSFT US Equity,455.33,USD
2026-04-06,NESN VX Equity,94.40,CHF
2026-04-06,SAP US Equity,201.22,EUR
2026-04-06,SPX Index,7720.59,USD
2026-04-06,SPY US Equity,518.49,USD
2026-04-06,SX5E Index,4075.4,EUR
2026-04-06,SX5E01 Corp,101.77,EUR
2026-04-06,TLT US Equity,83.84,USD
2026-04-06,US912810TM79 Govt,94.24,USD
2026-04-06,US912828YK09 Govt,102.86,USD
2026-04-06,XS2543791470 Corp,97.12,EUR
2026-04-07,AAPL US Equity,292.96,USD
2026-04-07,ASML US Equity,688.72,EUR
2026-04-07,CHFUSD Curncy,1.07,USD
2026-04-07,CHFUSD Curncy,1.1025,USD
2026-04-07,Cash,1.00,EUR
2026-04-07,DBAB Govt,103.34,EUR
2026-04-07,DBR 0 08/15/29 Govt,92.42,EUR
2026-04-07,EURUSD Curncy,1.0479,USD
2026-04-07,EXS1 Equity,424.68,EUR
2026-04-07,GBPUSD Curncy,1.3439,USD
2026-04-07,GLD US Equity,192.13,USD
2026-04-07,JPM US Equity,202.54,USD
2026-04-07,MSFT US Equity,455.36,USD
2026-04-07,NESN VX Equity,96.96,CHF
2026-04-07,SAP US Equity,195.13,EUR
2026-04-07,SPX Index,7663.75,USD
2026-04-07,SPY US Equity,524.52,USD
2026-04-07,SX5E Index,4061.71,EUR
2026-04-07,SX5E01 Corp,102.25,EUR
2026-04-07,TLT US Equity,82.95,USD
2026-04-07,US912810TM79 Govt,94.68,USD
2026-04-07,US912828YK09 Govt,102.91,USD
2026-04-07,XS2543791470 Corp,97.85,EUR
2026-04-08,AAPL US Equity,289.09,USD
2026-04-08,ASML US Equity,679.05,EUR
2026-04-08,CHFUSD Curncy,1.07,USD
2026-04-08,CHFUSD Curncy,1.0951,USD
2026-04-08,Cash,1.00,EUR
2026-04-08,DBAB Govt,106.09,EUR
2026-04-08,DBR 0 08/15/29 Govt,92.41,EUR
2026-04-08,EURUSD Curncy,1.0449,USD
2026-04-08,EXS1 Equity,419.98,EUR
2026-04-08,GBPUSD Curncy,1.339,USD
2026-04-08,GLD US Equity,191.65,USD
2026-04-08,JPM US Equity,200.6,USD
2026-04-08,MSFT US Equity,455.98,USD
2026-04-08,NESN VX Equity,94.80,CHF
2026-04-08,SAP US Equity,198.61,EUR
2026-04-08,SPX Index,7650.88,USD
2026-04-08,SPY US Equity,520.08,USD
2026-04-08,SX5E Index,4045.99,EUR
2026-04-08,SX5E01 Corp,102.65,EUR
2026-04-08,TLT US Equity,83.2,USD
2026-04-08,US912810TM79 Govt,94.88,USD
2026-04-08,US912828YK09 Govt,103.25,USD
2026-04-08,XS2543791470 Corp,97.92,EUR
2026-04-09,AAPL US Equity,290.17,USD
2026-04-09,ASML US Equity,664.93,EUR
2026-04-09,CHFUSD Curncy,1.07,USD
2026-04-09,CHFUSD Curncy,1.0851,USD
2026-04-09,Cash,1.00,EUR
2026-04-09,DBAB Govt,106.06,EUR
2026-04-09,DBR 0 08/15/29 Govt,92.52,EUR
2026-04-09,EURUSD Curncy,1.0436,USD
2026-04-09,EXS1 Equity,413.58,EUR
2026-04-09,GBPUSD Curncy,1.3404,USD
2026-04-09,GLD US Equity,191.12,USD
2026-04-09,JPM US Equity,197.82,USD
2026-04-09,MSFT US Equity,450.67,USD
2026-04-09,NESN VX Equity,95.59,CHF
2026-04-09,SAP US Equity,200.72,EUR
2026-04-09,SPX Index,7651.68,USD
2026-04-09,SPY US Equity,518.0,USD
2026-04-09,SX5E Index,3964.27,EUR
2026-04-09,SX5E01 Corp,100.55,EUR
2026-04-09,TLT US Equity,83.61,USD
2026-04-09,US912810TM79 Govt,94.74,USD
2026-04-09,US912828YK09 Govt,102.93,USD
2026-04-09,XS2543791470 Corp,97.75,EUR
2026-04-10,AAPL US Equity,290.36,USD
2026-04-10,ASML US Equity,680.76,EUR
2026-04-10,CHFUSD Curncy,1.07,USD
2026-04-10,CHFUSD Curncy,1.0875,USD
2026-04-10,Cash,1.00,EUR
2026-04-10,DBAB Govt,106.59,EUR
2026-04-10,DBR 0 08/15/29 Govt,92.56,EUR
2026-04-10,EURUSD Curncy,1.0419,USD
2026-04-10,EXS1 Equity,415.11,EUR
2026-04-10,GBPUSD Curncy,1.3407,USD
2026-04-10,GLD US Equity,186.03,USD
2026-04-10,JPM US Equity,197.95,USD
2026-04-10,MSFT US Equity,450.79,USD
2026-04-10,NESN VX Equity,95.24,CHF
2026-04-10,SAP US Equity,206.27,EUR
2026-04-10,SPX Index,7579.4,USD
2026-04-10,SPY US Equity,515.53,USD
2026-04-10,SX5E Index,4009.7,EUR
2026-04-10,SX5E01 Corp,99.39,EUR
2026-04-10,TLT US Equity,83.98,USD
2026-04-10,US912810TM79 Govt,95.03,USD
2026-04-10,US912828YK09 Govt,102.97,USD
2026-04-10,XS2543791470 Corp,97.45,EUR
2026-04-13,AAPL US Equity,286.93,USD
2026-04-13,ASML US Equity,671.12,EUR
2026-04-13,CHFUSD Curncy,1.06,USD
2026-04-13,CHFUSD Curncy,1.1004,USD
2026-04-13,Cash,1.00,EUR
2026-04-13,DBAB Govt,106.85,EUR
2026-04-13,DBR 0 08/15/29 Govt,92.81,EUR
2026-04-13,EURUSD Curncy,1.0358,USD
2026-04-13,EXS1 Equity,423.28,EUR
2026-04-13,GBPUSD Curncy,1.3364,USD
2026-04-13,GLD US Equity,185.92,USD
2026-04-13,JPM US Equity,195.31,USD
2026-04-13,MSFT US Equity,454.12,USD
2026-04-13,NESN VX Equity,95.12,CHF
2026-04-13,SAP US Equity,208.91,EUR
2026-04-13,SPX Index,7638.05,USD
2026-04-13,SPY US Equity,506.52,USD
2026-04-13,SX5E Index,4005.31,EUR
2026-04-13,SX5E01 Corp,100.16,EUR
2026-04-13,TLT US Equity,84.7,USD
2026-04-13,US912810TM79 Govt,93.96,USD
2026-04-13,US912828YK09 Govt,102.75,USD
2026-04-13,XS2543791470 Corp,97.31,EUR
2026-04-14,AAPL US Equity,298.17,USD
2026-04-14,ASML US Equity,669.94,EUR
2026-04-14,CHFUSD Curncy,1.05,USD
2026-04-14,CHFUSD Curncy,1.1008,USD
2026-04-14,Cash,1.00,EUR
2026-04-14,DBAB Govt,106.66,EUR
2026-04-14,DBR 0 08/15/29 Govt,92.83,EUR
2026-04-14,EURUSD Curncy,1.037,USD
2026-04-14,EXS1 Equity,423.54,EUR
2026-04-14,GBPUSD Curncy,1.3507,USD
2026-04-14,GLD US Equity,185.48,USD
2026-04-14,JPM US Equity,196.13,USD
2026-04-14,MSFT US Equity,464.06,USD
2026-04-14,NESN VX Equity,97.29,CHF
2026-04-14,SAP US Equity,209.11,EUR
2026-04-14,SPX Index,7626.42,USD
2026-04-14,SPY US Equity,508.29,USD
2026-04-14,SX5E Index,3995.58,EUR
2026-04-14,SX5E01 Corp,101.46,EUR
2026-04-14,TLT US Equity,85.27,USD
2026-04-14,US912810TM79 Govt,94.39,USD
2026-04-14,US912828YK09 Govt,103.12,USD
2026-04-14,XS2543791470 Corp,97.12,EUR
2026-04-15,AAPL US Equity,301.54,USD
2026-04-15,ASML US Equity,682.49,EUR
2026-04-15,CHFUSD Curncy,1.07,USD
2026-04-15,CHFUSD Curncy,1.0997,USD
2026-04-15,Cash,1.00,EUR
2026-04-15,DBAB Govt,108.64,EUR
2026-04-15,DBR 0 08/15/29 Govt,92.75,EUR
2026-04-15,EURUSD Curncy,1.0381,USD
2026-04-15,EXS1 Equity,422.87,EUR
2026-04-15,GBPUSD Curncy,1.355,USD
2026-04-15,GLD US Equity,186.76,USD
2026-04-15,JPM US Equity,195.95,USD
2026-04-15,MSFT US Equity,470.73,USD
2026-04-15,NESN VX Equity,97.28,CHF
2026-04-15,SAP US Equity,207.14,EUR
2026-04-15,SPX Index,7664.36,USD
2026-04-15,SPY US Equity,509.85,USD
2026-04-15,SX5E Index,4164.58,EUR
2026-04-15,SX5E01 Corp,103.39,EUR
2026-04-15,TLT US Equity,85.58,USD
2026-04-15,US912810TM79 Govt,93.73,USD
2026-04-15,US912828YK09 Govt,102.65,USD
2026-04-15,XS2543791470 Corp,97.2,EUR
2026-04-16,AAPL US Equity,290.7,USD
2026-04-16,ASML US Equity,670.14,EUR
2026-04-16,CHFUSD Curncy,1.07,USD
2026-04-16,CHFUSD Curncy,1.1050,USD
2026-04-16,Cash,1.00,EUR
2026-04-16,DBAB Govt,109.95,EUR
2026-04-16,DBR 0 08/15/29 Govt,92.78,EUR
2026-04-16,EURUSD Curncy,1.0381,USD
2026-04-16,EXS1 Equity,426.24,EUR
2026-04-16,GBPUSD Curncy,1.3413,USD
2026-04-16,GLD US Equity,190.24,USD
2026-04-16,JPM US Equity,195.18,USD
2026-04-16,MSFT US Equity,486.13,USD
2026-04-16,NESN VX Equity,99.90,CHF
2026-04-16,SAP US Equity,202.49,EUR
2026-04-16,SPX Index,7582.62,USD
2026-04-16,SPY US Equity,509.84,USD
2026-04-16,SX5E Index,4180.43,EUR
2026-04-16,SX5E01 Corp,105.25,EUR
2026-04-16,TLT US Equity,85.53,USD
2026-04-16,US912810TM79 Govt,93.6,USD
2026-04-16,US912828YK09 Govt,102.48,USD
2026-04-16,XS2543791470 Corp,97.27,EUR
2026-04-17,AAPL US Equity,291.63,USD
2026-04-17,ASML US Equity,665.22,EUR
2026-04-17,CHFUSD Curncy,1.06,USD
2026-04-17,CHFUSD Curncy,1.0905,USD
2026-04-17,Cash,1.00,EUR
2026-04-17,DBAB Govt,108.71,EUR
2026-04-17,DBR 0 08/15/29 Govt,92.88,EUR
2026-04-17,EURUSD Curncy,1.0371,USD
2026-04-17,EXS1 Equity,416.95,EUR
2026-04-17,GBPUSD Curncy,1.3426,USD
2026-04-17,GLD US Equity,192.39,USD
2026-04-17,JPM US Equity,192.34,USD
2026-04-17,MSFT US Equity,480.51,USD
2026-04-17,NESN VX Equity,99.37,CHF
2026-04-17,SAP US Equity,203.20,EUR
2026-04-17,SPX Index,7542.38,USD
2026-04-17,SPY US Equity,508.37,USD
2026-04-17,SX5E Index,4139.43,EUR
2026-04-17,SX5E01 Corp,103.09,EUR
2026-04-17,TLT US Equity,84.4,USD
2026-04-17,US912810TM79 Govt,93.18,USD
2026-04-17,US912828YK09 Govt,102.59,USD
2026-04-17,XS2543791470 Corp,97.27,EUR
2026-04-20,AAPL US Equity,288.13,USD
2026-04-20,ASML US Equity,634.60,EUR
2026-04-20,CHFUSD Curncy,1.06,USD
2026-04-20,CHFUSD Curncy,1.0875,USD
2026-04-20,Cash,1.00,EUR
2026-04-20,DBAB Govt,108.37,EUR
2026-04-20,DBR 0 08/15/29 Govt,92.89,EUR
2026-04-20,EURUSD Curncy,1.0313,USD
2026-04-20,EXS1 Equity,414.99,EUR
2026-04-20,GBPUSD Curncy,1.3381,USD
2026-04-20,GLD US Equity,191.86,USD
2026-04-20,JPM US Equity,190.55,USD
2026-04-20,MSFT US Equity,486.78,USD
2026-04-20,NESN VX Equity,99.79,CHF
2026-04-20,SAP US Equity,202.50,EUR
2026-04-20,SPX Index,7607.5,USD
2026-04-20,SPY US Equity,499.77,USD
2026-04-20,SX5E Index,4116.2,EUR
2026-04-20,SX5E01 Corp,103.88,EUR
2026-04-20,TLT US Equity,84.69,USD
2026-04-20,US912810TM79 Govt,92.7,USD
2026-04-20,US912828YK09 Govt,103.08,USD
2026-04-20,XS2543791470 Corp,97.49,EUR
2026-04-21,AAPL US Equity,292.54,USD
2026-04-21,ASML US Equity,617.43,EUR
2026-04-21,CHFUSD Curncy,1.06,USD
2026-04-21,CHFUSD Curncy,1.0923,USD
2026-04-21,Cash,1.00,EUR
2026-04-21,DBAB Govt,108.74,EUR
2026-04-21,DBR 0 08/15/29 Govt,92.89,EUR
2026-04-21,EURUSD Curncy,1.0295,USD
2026-04-21,EXS1 Equity,418.04,EUR
2026-04-21,GBPUSD Curncy,1.3438,USD
2026-04-21,GLD US Equity,189.74,USD
2026-04-21,JPM US Equity,192.84,USD
2026-04-21,MSFT US Equity,488.07,USD
2026-04-21,NESN VX Equity,99.20,CHF
2026-04-21,SAP US Equity,209.86,EUR
2026-04-21,SPX Index,7572.99,USD
2026-04-21,SPY US Equity,497.22,USD
2026-04-21,SX5E Index,4177.76,EUR
2026-04-21,SX5E01 Corp,101.89,EUR
2026-04-21,TLT US Equity,84.82,USD
2026-04-21,US912810TM79 Govt,93.13,USD
2026-04-21,US912828YK09 Govt,103.06,USD
2026-04-21,XS2543791470 Corp,98.07,EUR
2026-04-22,AAPL US Equity,288.35,USD
2026-04-22,ASML US Equity,608.67,EUR
2026-04-22,CHFUSD Curncy,1.06,USD
2026-04-22,CHFUSD Curncy,1.1009,USD
2026-04-22,Cash,1.00,EUR
2026-04-22,DBAB Govt,109.42,EUR
2026-04-22,DBR 0 08/15/29 Govt,92.76,EUR
2026-04-22,EURUSD Curncy,1.0281,USD
2026-04-22,EXS1 Equity,423.52,EUR
2026-04-22,GBPUSD Curncy,1.3385,USD
2026-04-22,GLD US Equity,194.68,USD
2026-04-22,JPM US Equity,194.37,USD
2026-04-22,MSFT US Equity,504.31,USD
2026-04-22,NESN VX Equity,98.38,CHF
2026-04-22,SAP US Equity,207.56,EUR
2026-04-22,SPX Index,7731.01,USD
2026-04-22,SPY US Equity,495.15,USD
2026-04-22,SX5E Index,4183.56,EUR
2026-04-22,SX5E01 Corp,103.54,EUR
2026-04-22,TLT US Equity,85.01,USD
2026-04-22,US912810TM79 Govt,92.95,USD
2026-04-22,US912828YK09 Govt,102.88,USD
2026-04-22,XS2543791470 Corp,98.53,EUR
2026-04-23,AAPL US Equity,287.71,USD
2026-04-23,ASML US Equity,614.99,EUR
2026-04-23,CHFUSD Curncy,1.06,USD
2026-04-23,CHFUSD Curncy,1.0985,USD
2026-04-23,Cash,1.00,EUR
2026-04-23,DBAB Govt,108.24,EUR
2026-04-23,DBR 0 08/15/29 Govt,92.64,EUR
2026-04-23,EURUSD Curncy,1.0248,USD
2026-04-23,EXS1 Equity,421.99,EUR
2026-04-23,GBPUSD Curncy,1.3377,USD
2026-04-23,GLD US Equity,194.78,USD
2026-04-23,JPM US Equity,191.33,USD
2026-04-23,MSFT US Equity,498.18,USD
2026-04-23,NESN VX Equity,98.45,CHF
2026-04-23,SAP US Equity,208.75,EUR
2026-04-23,SPX Index,7693.47,USD
2026-04-23,SPY US Equity,490.37,USD
2026-04-23,SX5E Index,4105.72,EUR
2026-04-23,SX5E01 Corp,103.80,EUR
2026-04-23,TLT US Equity,84.14,USD
2026-04-23,US912810TM79 Govt,93.08,USD
2026-04-23,US912828YK09 Govt,103.47,USD
2026-04-23,XS2543791470 Corp,97.8,EUR
2026-04-24,AAPL US Equity,290.29,USD
2026-04-24,ASML US Equity,633.34,EUR
2026-04-24,CHFUSD Curncy,1.07,USD
2026-04-24,CHFUSD Curncy,1.1022,USD
2026-04-24,Cash,1.00,EUR
2026-04-24,DBAB Govt,106.29,EUR
2026-04-24,DBR 0 08/15/29 Govt,92.38,EUR
2026-04-24,EURUSD Curncy,1.0242,USD
2026-04-24,EXS1 Equity,424.38,EUR
2026-04-24,GBPUSD Curncy,1.3411,USD
2026-04-24,GLD US Equity,194.8,USD
2026-04-24,JPM US Equity,191.61,USD
2026-04-24,MSFT US Equity,491.89,USD
2026-04-24,NESN VX Equity,98.12,CHF
2026-04-24,SAP US Equity,202.86,EUR
2026-04-24,SPX Index,7713.69,USD
2026-04-24,SPY US Equity,489.38,USD
2026-04-24,SX5E Index,4154.73,EUR
2026-04-24,SX5E01 Corp,102.61,EUR
2026-04-24,TLT US Equity,83.41,USD
2026-04-24,US912810TM79 Govt,93.06,USD
2026-04-24,US912828YK09 Govt,103.02,USD
2026-04-24,XS2543791470 Corp,96.56,EUR
2026-04-27,AAPL US Equity,294.8,USD
2026-04-27,ASML US Equity,633.05,EUR
2026-04-27,CHFUSD Curncy,1.08,USD
2026-04-27,CHFUSD Curncy,1.1047,USD
2026-04-27,Cash,1.00,EUR
2026-04-27,DBAB Govt,104.67,EUR
2026-04-27,DBR 0 08/15/29 Govt,92.7,EUR
2026-04-27,EURUSD Curncy,1.0258,USD
2026-04-27,EXS1 Equity,425.96,EUR
2026-04-27,GBPUSD Curncy,1.3469,USD
2026-04-27,GLD US Equity,194.74,USD
2026-04-27,JPM US Equity,193.9,USD
2026-04-27,MSFT US Equity,487.43,USD
2026-04-27,NESN VX Equity,98.35,CHF
2026-04-27,SAP US Equity,201.41,EUR
2026-04-27,SPX Index,7799.94,USD
2026-04-27,SPY US Equity,491.73,USD
2026-04-27,SX5E Index,4118.45,EUR
2026-04-27,SX5E01 Corp,104.68,EUR
2026-04-27,TLT US Equity,84.11,USD
2026-04-27,US912810TM79 Govt,93.24,USD
2026-04-27,US912828YK09 Govt,102.34,USD
2026-04-27,XS2543791470 Corp,97.01,EUR
2026-04-28,AAPL US Equity,288.45,USD
2026-04-28,ASML US Equity,637.19,EUR
2026-04-28,CHFUSD Curncy,1.09,USD
2026-04-28,CHFUSD Curncy,1.1124,USD
2026-04-28,Cash,1.00,EUR
2026-04-28,DBAB Govt,104.61,EUR
2026-04-28,DBR 0 08/15/29 Govt,92.47,EUR
2026-04-28,EURUSD Curncy,1.0336,USD
2026-04-28,EXS1 Equity,430.96,EUR
2026-04-28,GBPUSD Curncy,1.3388,USD
2026-04-28,GLD US Equity,195.12,USD
2026-04-28,JPM US Equity,188.77,USD
2026-04-28,MSFT US Equity,472.09,USD
2026-04-28,NESN VX Equity,95.87,CHF
2026-04-28,SAP US Equity,202.36,EUR
2026-04-28,SPX Index,7667.75,USD
2026-04-28,SPY US Equity,502.95,USD
2026-04-28,SX5E Index,4219.62,EUR
2026-04-28,SX5E01 Corp,105.35,EUR
2026-04-28,TLT US Equity,84.09,USD
2026-04-28,US912810TM79 Govt,93.27,USD
2026-04-28,US912828YK09 Govt,102.47,USD
2026-04-28,XS2543791470 Corp,96.35,EUR
2026-04-29,AAPL US Equity,286.67,USD
2026-04-29,ASML US Equity,639.86,EUR
2026-04-29,CHFUSD Curncy,1.09,USD
2026-04-29,CHFUSD Curncy,1.1013,USD
2026-04-29,Cash,1.00,EUR
2026-04-29,DBAB Govt,104.52,EUR
2026-04-29,DBR 0 08/15/29 Govt,92.34,EUR
2026-04-29,EURUSD Curncy,1.0343,USD
2026-04-29,EXS1 Equity,423.76,EUR
2026-04-29,GBPUSD Curncy,1.3365,USD
2026-04-29,GLD US Equity,194.83,USD
2026-04-29,JPM US Equity,190.39,USD
2026-04-29,MSFT US Equity,468.33,USD
2026-04-29,NESN VX Equity,98.17,CHF
2026-04-29,SAP US Equity,205.36,EUR
2026-04-29,SPX Index,7506.89,USD
2026-04-29,SPY US Equity,503.96,USD
2026-04-29,SX5E Index,4278.92,EUR
2026-04-29,SX5E01 Corp,103.36,EUR
2026-04-29,TLT US Equity,84.54,USD
2026-04-29,US912810TM79 Govt,92.79,USD
2026-04-29,US912828YK09 Govt,102.32,USD
2026-04-29,XS2543791470 Corp,96.24,EUR
2026-04-30,AAPL US Equity,284.19,USD
2026-04-30,ASML US Equity,657.21,EUR
2026-04-30,CHFUSD Curncy,1.10,USD
2026-04-30,CHFUSD Curncy,1.1069,USD
2026-04-30,Cash,1.00,EUR
2026-04-30,DBAB Govt,104.81,EUR
2026-04-30,DBR 0 08/15/29 Govt,92.21,EUR
2026-04-30,EURUSD Curncy,1.0353,USD
2026-04-30,EXS1 Equity,427.37,EUR
2026-04-30,GBPUSD Curncy,1.3334,USD
2026-04-30,GLD US Equity,193.7,USD
2026-04-30,JPM US Equity,188.36,USD
2026-04-30,MSFT US Equity,462.98,USD
2026-04-30,NESN VX Equity,97.98,CHF
2026-04-30,SAP US Equity,210.71,EUR
2026-04-30,SPX Index,7370.18,USD
2026-04-30,SPY US Equity,505.49,USD
2026-04-30,SX5E Index,4253.75,EUR
2026-04-30,SX5E01 Corp,103.66,EUR
2026-04-30,TLT US Equity,84.56,USD
2026-04-30,US912810TM79 Govt,93.16,USD
2026-04-30,US912828YK09 Govt,102.0,USD
2026-04-30,XS2543791470 Corp,95.68,EUR
2026-05-01,AAPL US Equity,280.82,USD
2026-05-01,ASML US Equity,671.89,EUR
2026-05-01,CHFUSD Curncy,1.09,USD
2026-05-01,CHFUSD Curncy,1.0918,USD
2026-05-01,Cash,1.00,EUR
2026-05-01,DBAB Govt,104.16,EUR
2026-05-01,DBR 0 08/15/29 Govt,92.38,EUR
2026-05-01,EURUSD Curncy,1.035,USD
2026-05-01,EXS1 Equity,417.66,EUR
2026-05-01,GBPUSD Curncy,1.329,USD
2026-05-01,GLD US Equity,192.64,USD
2026-05-01,JPM US Equity,190.06,USD
2026-05-01,MSFT US Equity,463.97,USD
2026-05-01,NESN VX Equity,100.03,CHF
2026-05-01,SAP US Equity,210.55,EUR
2026-05-01,SPX Index,7482.15,USD
2026-05-01,SPY US Equity,505.0,USD
2026-05-01,SX5E Index,4324.82,EUR
2026-05-01,SX5E01 Corp,102.90,EUR
2026-05-01,TLT US Equity,84.58,USD
2026-05-01,US912810TM79 Govt,92.97,USD
2026-05-01,US912828YK09 Govt,102.22,USD
2026-05-01,XS2543791470 Corp,94.82,EUR
2026-05-04,AAPL US Equity,289.84,USD
2026-05-04,ASML US Equity,676.49,EUR
2026-05-04,CHFUSD Curncy,1.08,USD
2026-05-04,CHFUSD Curncy,1.0661,USD
2026-05-04,Cash,1.00,EUR
2026-05-04,DBAB Govt,103.14,EUR
2026-05-04,DBR 0 08/15/29 Govt,92.32,EUR
2026-05-04,EURUSD Curncy,1.0271,USD
2026-05-04,EXS1 Equity,401.25,EUR
2026-05-04,GBPUSD Curncy,1.3408,USD
2026-05-04,GLD US Equity,192.56,USD
2026-05-04,JPM US Equity,187.73,USD
2026-05-04,MSFT US Equity,466.3,USD
2026-05-04,NESN VX Equity,98.82,CHF
2026-05-04,SAP US Equity,206.31,EUR
2026-05-04,SPX Index,7432.23,USD
2026-05-04,SPY US Equity,493.47,USD
2026-05-04,SX5E Index,4328.27,EUR
2026-05-04,SX5E01 Corp,103.02,EUR
2026-05-04,TLT US Equity,85.21,USD
2026-05-04,US912810TM79 Govt,92.4,USD
2026-05-04,US912828YK09 Govt,102.3,USD
2026-05-04,XS2543791470 Corp,95.07,EUR
2026-05-05,AAPL US Equity,291.91,USD
2026-05-05,ASML US Equity,659.39,EUR
2026-05-05,CHFUSD Curncy,1.10,USD
2026-05-05,CHFUSD Curncy,1.0603,USD
2026-05-05,Cash,1.00,EUR
2026-05-05,DBAB Govt,101.47,EUR
2026-05-05,DBR 0 08/15/29 Govt,92.55,EUR
2026-05-05,EURUSD Curncy,1.027,USD
2026-05-05,EXS1 Equity,397.60,EUR
2026-05-05,GBPUSD Curncy,1.3435,USD
2026-05-05,GLD US Equity,191.51,USD
2026-05-05,JPM US Equity,182.36,USD
2026-05-05,MSFT US Equity,479.56,USD
2026-05-05,NESN VX Equity,99.16,CHF
2026-05-05,SAP US Equity,208.01,EUR
2026-05-05,SPX Index,7663.38,USD
2026-05-05,SPY US Equity,493.28,USD
2026-05-05,SX5E Index,4376.15,EUR
2026-05-05,SX5E01 Corp,102.54,EUR
2026-05-05,TLT US Equity,84.86,USD
2026-05-05,US912810TM79 Govt,92.24,USD
2026-05-05,US912828YK09 Govt,102.12,USD
2026-05-05,XS2543791470 Corp,95.43,EUR
2026-05-06,AAPL US Equity,285.31,USD
2026-05-06,ASML US Equity,674.28,EUR
2026-05-06,CHFUSD Curncy,1.10,USD
2026-05-06,CHFUSD Curncy,1.0515,USD
2026-05-06,Cash,1.00,EUR
2026-05-06,DBAB Govt,101.74,EUR
2026-05-06,DBR 0 08/15/29 Govt,92.43,EUR
2026-05-06,EURUSD Curncy,1.0272,USD
2026-05-06,EXS1 Equity,392.13,EUR
2026-05-06,GBPUSD Curncy,1.335,USD
2026-05-06,GLD US Equity,190.14,USD
2026-05-06,JPM US Equity,177.65,USD
2026-05-06,MSFT US Equity,486.39,USD
2026-05-06,NESN VX Equity,102.93,CHF
2026-05-06,SAP US Equity,209.95,EUR
2026-05-06,SPX Index,7611.11,USD
2026-05-06,SPY US Equity,493.6,USD
2026-05-06,SX5E Index,4403.44,EUR
2026-05-06,SX5E01 Corp,103.95,EUR
2026-05-06,TLT US Equity,84.92,USD
2026-05-06,US912810TM79 Govt,92.79,USD
2026-05-06,US912828YK09 Govt,101.73,USD
2026-05-06,XS2543791470 Corp,95.16,EUR
2026-05-07,AAPL US Equity,290.02,USD
2026-05-07,ASML US Equity,680.71,EUR
2026-05-07,CHFUSD Curncy,1.10,USD
2026-05-07,CHFUSD Curncy,1.0598,USD
2026-05-07,Cash,1.00,EUR
2026-05-07,DBAB Govt,102.04,EUR
2026-05-07,DBR 0 08/15/29 Govt,92.48,EUR
2026-05-07,EURUSD Curncy,1.0374,USD
2026-05-07,EXS1 Equity,397.29,EUR
2026-05-07,GBPUSD Curncy,1.3411,USD
2026-05-07,GLD US Equity,190.33,USD
2026-05-07,JPM US Equity,177.77,USD
2026-05-07,MSFT US Equity,482.14,USD
2026-05-07,NESN VX Equity,101.86,CHF
2026-05-07,SAP US Equity,211.81,EUR
2026-05-07,SPX Index,7627.44,USD
2026-05-07,SPY US Equity,508.37,USD
2026-05-07,SX5E Index,4354.89,EUR
2026-05-07,SX5E01 Corp,102.47,EUR
2026-05-07,TLT US Equity,84.6,USD
2026-05-07,US912810TM79 Govt,93.11,USD
2026-05-07,US912828YK09 Govt,102.0,USD
2026-05-07,XS2543791470 Corp,93.93,EUR
2026-05-08,AAPL US Equity,301.26,USD
2026-05-08,ASML US Equity,701.59,EUR
2026-05-08,CHFUSD Curncy,1.09,USD
2026-05-08,CHFUSD Curncy,1.0661,USD
2026-05-08,Cash,1.00,EUR
2026-05-08,DBAB Govt,102.85,EUR
2026-05-08,DBR 0 08/15/29 Govt,92.32,EUR
2026-05-08,EURUSD Curncy,1.0366,USD
2026-05-08,EXS1 Equity,401.25,EUR
2026-05-08,GBPUSD Curncy,1.3554,USD
2026-05-08,GLD US Equity,189.84,USD
2026-05-08,JPM US Equity,178.48,USD
2026-05-08,MSFT US Equity,475.64,USD
2026-05-08,NESN VX Equity,100.03,CHF
2026-05-08,SAP US Equity,209.14,EUR
2026-05-08,SPX Index,7769.34,USD
2026-05-08,SPY US Equity,507.16,USD
2026-05-08,SX5E Index,4318.24,EUR
2026-05-08,SX5E01 Corp,102.79,EUR
2026-05-08,TLT US Equity,84.31,USD
2026-05-08,US912810TM79 Govt,92.98,USD
2026-05-08,US912828YK09 Govt,102.2,USD
2026-05-08,XS2543791470 Corp,93.67,EUR
2026-05-11,AAPL US Equity,306.87,USD
2026-05-11,ASML US Equity,701.06,EUR
2026-05-11,CHFUSD Curncy,1.10,USD
2026-05-11,CHFUSD Curncy,1.0545,USD
2026-05-11,Cash,1.00,EUR
2026-05-11,DBAB Govt,103.50,EUR
2026-05-11,DBR 0 08/15/29 Govt,92.72,EUR
2026-05-11,EURUSD Curncy,1.0378,USD
2026-05-11,EXS1 Equity,393.91,EUR
2026-05-11,GBPUSD Curncy,1.3624,USD
2026-05-11,GLD US Equity,192.71,USD
2026-05-11,JPM US Equity,175.9,USD
2026-05-11,MSFT US Equity,479.1,USD
2026-05-11,NESN VX Equity,99.37,CHF
2026-05-11,SAP US Equity,213.40,EUR
2026-05-11,SPX Index,7958.07,USD
2026-05-11,SPY US Equity,508.96,USD
2026-05-11,SX5E Index,4376.08,EUR
2026-05-11,SX5E01 Corp,104.66,EUR
2026-05-11,TLT US Equity,84.1,USD
2026-05-11,US912810TM79 Govt,92.85,USD
2026-05-11,US912828YK09 Govt,102.16,USD
2026-05-11,XS2543791470 Corp,93.86,EUR
2026-05-12,AAPL US Equity,298.54,USD
2026-05-12,ASML US Equity,735.29,EUR
2026-05-12,CHFUSD Curncy,1.09,USD
2026-05-12,CHFUSD Curncy,1.0625,USD
2026-05-12,Cash,1.00,EUR
2026-05-12,DBAB Govt,103.34,EUR
2026-05-12,DBR 0 08/15/29 Govt,92.5,EUR
2026-05-12,EURUSD Curncy,1.0377,USD
2026-05-12,EXS1 Equity,398.91,EUR
2026-05-12,GBPUSD Curncy,1.3521,USD
2026-05-12,GLD US Equity,187.66,USD
2026-05-12,JPM US Equity,177.68,USD
2026-05-12,MSFT US Equity,469.66,USD
2026-05-12,NESN VX Equity,99.94,CHF
2026-05-12,SAP US Equity,213.74,EUR
2026-05-12,SPX Index,8156.81,USD
2026-05-12,SPY US Equity,508.71,USD
2026-05-12,SX5E Index,4356.71,EUR
2026-05-12,SX5E01 Corp,103.79,EUR
2026-05-12,TLT US Equity,84.24,USD
2026-05-12,US912810TM79 Govt,92.73,USD
2026-05-12,US912828YK09 Govt,102.73,USD
2026-05-12,XS2543791470 Corp,93.16,EUR
2026-05-13,AAPL US Equity,295.9,USD
2026-05-13,ASML US Equity,728.70,EUR
2026-05-13,CHFUSD Curncy,1.08,USD
2026-05-13,CHFUSD Curncy,1.0529,USD
2026-05-13,Cash,1.00,EUR
2026-05-13,DBAB Govt,104.46,EUR
2026-05-13,DBR 0 08/15/29 Govt,92.56,EUR
2026-05-13,EURUSD Curncy,1.0328,USD
2026-05-13,EXS1 Equity,392.92,EUR
2026-05-13,GBPUSD Curncy,1.3488,USD
2026-05-13,GLD US Equity,189.71,USD
2026-05-13,JPM US Equity,173.0,USD
2026-05-13,MSFT US Equity,482.68,USD
2026-05-13,NESN VX Equity,100.77,CHF
2026-05-13,SAP US Equity,216.43,EUR
2026-05-13,SPX Index,8275.35,USD
2026-05-13,SPY US Equity,501.59,USD
2026-05-13,SX5E Index,4333.54,EUR
2026-05-13,SX5E01 Corp,104.01,EUR
2026-05-13,TLT US Equity,83.92,USD
2026-05-13,US912810TM79 Govt,93.5,USD
2026-05-13,US912828YK09 Govt,102.4,USD
2026-05-13,XS2543791470 Corp,93.25,EUR
2026-05-14,AAPL US Equity,302.68,USD
2026-05-14,ASML US Equity,757.72,EUR
2026-05-14,CHFUSD Curncy,1.08,USD
2026-05-14,CHFUSD Curncy,1.0521,USD
2026-05-14,Cash,1.00,EUR
2026-05-14,DBAB Govt,104.35,EUR
2026-05-14,DBR 0 08/15/29 Govt,92.68,EUR
2026-05-14,EURUSD Curncy,1.0375,USD
2026-05-14,EXS1 Equity,392.41,EUR
2026-05-14,GBPUSD Curncy,1.3574,USD
2026-05-14,GLD US Equity,192.08,USD
2026-05-14,JPM US Equity,172.79,USD
2026-05-14,MSFT US Equity,491.24,USD
2026-05-14,NESN VX Equity,102.33,CHF
2026-05-14,SAP US Equity,221.40,EUR
2026-05-14,SPX Index,8377.07,USD
2026-05-14,SPY US Equity,508.48,USD
2026-05-14,SX5E Index,4279.7,EUR
2026-05-14,SX5E01 Corp,104.22,EUR
2026-05-14,TLT US Equity,84.76,USD
2026-05-14,US912810TM79 Govt,93.64,USD
2026-05-14,US912828YK09 Govt,101.93,USD
2026-05-14,XS2543791470 Corp,93.24,EUR
2026-05-15,AAPL US Equity,298.8,USD
2026-05-15,ASML US Equity,759.90,EUR
2026-05-15,CHFUSD Curncy,1.08,USD
2026-05-15,CHFUSD Curncy,1.0493,USD
2026-05-15,Cash,1.00,EUR
2026-05-15,DBAB Govt,103.79,EUR
2026-05-15,DBR 0 08/15/29 Govt,92.75,EUR
2026-05-15,EURUSD Curncy,1.0407,USD
2026-05-15,EXS1 Equity,390.68,EUR
2026-05-15,GBPUSD Curncy,1.3525,USD
2026-05-15,GLD US Equity,188.12,USD
2026-05-15,JPM US Equity,169.46,USD
2026-05-15,MSFT US Equity,487.74,USD
2026-05-15,NESN VX Equity,102.01,CHF
2026-05-15,SAP US Equity,223.82,EUR
2026-05-15,SPX Index,8436.24,USD
2026-05-15,SPY US Equity,513.06,USD
2026-05-15,SX5E Index,4302.97,EUR
2026-05-15,SX5E01 Corp,103.50,EUR
2026-05-15,TLT US Equity,84.16,USD
2026-05-15,US912810TM79 Govt,93.8,USD
2026-05-15,US912828YK09 Govt,101.72,USD
2026-05-15,XS2543791470 Corp,93.51,EUR
2026-05-18,AAPL US Equity,301.15,USD
2026-05-18,ASML US Equity,750.09,EUR
2026-05-18,CHFUSD Curncy,1.06,USD
2026-05-18,CHFUSD Curncy,1.0504,USD
2026-05-18,Cash,1.00,EUR
2026-05-18,DBAB Govt,103.36,EUR
2026-05-18,DBR 0 08/15/29 Govt,92.72,EUR
2026-05-18,EURUSD Curncy,1.0439,USD
2026-05-18,EXS1 Equity,391.35,EUR
2026-05-18,GBPUSD Curncy,1.3555,USD
2026-05-18,GLD US Equity,187.47,USD
2026-05-18,JPM US Equity,167.68,USD
2026-05-18,MSFT US Equity,475.32,USD
2026-05-18,NESN VX Equity,100.05,CHF
2026-05-18,SAP US Equity,224.98,EUR
2026-05-18,SPX Index,8514.79,USD
2026-05-18,SPY US Equity,517.91,USD
2026-05-18,SX5E Index,4419.53,EUR
2026-05-18,SX5E01 Corp,104.17,EUR
2026-05-18,TLT US Equity,84.03,USD
2026-05-18,US912810TM79 Govt,94.19,USD
2026-05-18,US912828YK09 Govt,101.71,USD
2026-05-18,XS2543791470 Corp,93.56,EUR
2026-05-19,AAPL US Equity,305.32,USD
2026-05-19,ASML US Equity,728.93,EUR
2026-05-19,CHFUSD Curncy,1.06,USD
2026-05-19,CHFUSD Curncy,1.0581,USD
2026-05-19,Cash,1.00,EUR
2026-05-19,DBAB Govt,102.88,EUR
2026-05-19,DBR 0 08/15/29 Govt,92.69,EUR
2026-05-19,EURUSD Curncy,1.0401,USD
2026-05-19,EXS1 Equity,396.16,EUR
2026-05-19,GBPUSD Curncy,1.3608,USD
2026-05-19,GLD US Equity,186.77,USD
2026-05-19,JPM US Equity,167.78,USD
2026-05-19,MSFT US Equity,485.01,USD
2026-05-19,NESN VX Equity,99.53,CHF
2026-05-19,SAP US Equity,233.70,EUR
2026-05-19,SPX Index,8458.05,USD
2026-05-19,SPY US Equity,512.25,USD
2026-05-19,SX5E Index,4358.25,EUR
2026-05-19,SX5E01 Corp,104.27,EUR
2026-05-19,TLT US Equity,83.73,USD
2026-05-19,US912810TM79 Govt,94.28,USD
2026-05-19,US912828YK09 Govt,101.78,USD
2026-05-19,XS2543791470 Corp,93.11,EUR
2026-05-20,AAPL US Equity,300.22,USD
2026-05-20,ASML US Equity,726.18,EUR
2026-05-20,CHFUSD Curncy,1.06,USD
2026-05-20,CHFUSD Curncy,1.0642,USD
2026-05-20,Cash,1.00,EUR
2026-05-20,DBAB Govt,101.10,EUR
2026-05-20,DBR 0 08/15/29 Govt,92.7,EUR
2026-05-20,EURUSD Curncy,1.046,USD
2026-05-20,EXS1 Equity,399.95,EUR
2026-05-20,GBPUSD Curncy,1.3545,USD
2026-05-20,GLD US Equity,184.15,USD
2026-05-20,JPM US Equity,165.47,USD
2026-05-20,MSFT US Equity,484.13,USD
2026-05-20,NESN VX Equity,101.01,CHF
2026-05-20,SAP US Equity,234.72,EUR
2026-05-20,SPX Index,8374.81,USD
2026-05-20,SPY US Equity,520.91,USD
2026-05-20,SX5E Index,4359.26,EUR
2026-05-20,SX5E01 Corp,103.29,EUR
2026-05-20,TLT US Equity,84.7,USD
2026-05-20,US912810TM79 Govt,94.18,USD
2026-05-20,US912828YK09 Govt,101.71,USD
2026-05-20,XS2543791470 Corp,93.67,EUR
2026-05-21,AAPL US Equity,299.85,USD
2026-05-21,ASML US Equity,752.02,EUR
2026-05-21,CHFUSD Curncy,1.06,USD
2026-05-21,CHFUSD Curncy,1.0676,USD
2026-05-21,Cash,1.00,EUR
2026-05-21,DBAB Govt,101.22,EUR
2026-05-21,DBR 0 08/15/29 Govt,92.67,EUR
2026-05-21,EURUSD Curncy,1.0401,USD
2026-05-21,EXS1 Equity,402.05,EUR
2026-05-21,GBPUSD Curncy,1.354,USD
2026-05-21,GLD US Equity,182.71,USD
2026-05-21,JPM US Equity,164.43,USD
2026-05-21,MSFT US Equity,493.14,USD
2026-05-21,NESN VX Equity,101.57,CHF
2026-05-21,SAP US Equity,233.47,EUR
2026-05-21,SPX Index,8373.86,USD
2026-05-21,SPY US Equity,512.19,USD
2026-05-21,SX5E Index,4439.65,EUR
2026-05-21,SX5E01 Corp,105.11,EUR
2026-05-21,TLT US Equity,84.83,USD
2026-05-21,US912810TM79 Govt,94.1,USD
2026-05-21,US912828YK09 Govt,101.81,USD
2026-05-21,XS2543791470 Corp,93.59,EUR
2026-05-22,AAPL US Equity,282.81,USD
2026-05-22,ASML US Equity,767.36,EUR
2026-05-22,CHFUSD Curncy,1.07,USD
2026-05-22,CHFUSD Curncy,1.0738,USD
2026-05-22,Cash,1.00,EUR
2026-05-22,DBAB Govt,101.43,EUR
2026-05-22,DBR 0 08/15/29 Govt,92.85,EUR
2026-05-22,EURUSD Curncy,1.0426,USD
2026-05-22,EXS1 Equity,405.97,EUR
2026-05-22,GBPUSD Curncy,1.3323,USD
2026-05-22,GLD US Equity,180.68,USD
2026-05-22,JPM US Equity,167.08,USD
2026-05-22,MSFT US Equity,481.44,USD
2026-05-22,NESN VX Equity,99.19,CHF
2026-05-22,SAP US Equity,233.94,EUR
2026-05-22,SPX Index,8356.18,USD
2026-05-22,SPY US Equity,515.77,USD
2026-05-22,SX5E Index,4434.68,EUR
2026-05-22,SX5E01 Corp,105.94,EUR
2026-05-22,TLT US Equity,85.53,USD
2026-05-22,US912810TM79 Govt,94.08,USD
2026-05-22,US912828YK09 Govt,101.43,USD
2026-05-22,XS2543791470 Corp,93.58,EUR
2026-05-25,AAPL US Equity,277.6,USD
2026-05-25,ASML US Equity,780.58,EUR
2026-05-25,CHFUSD Curncy,1.07,USD
2026-05-25,CHFUSD Curncy,1.0784,USD
2026-05-25,Cash,1.00,EUR
2026-05-25,DBAB Govt,101.13,EUR
2026-05-25,DBR 0 08/15/29 Govt,93.26,EUR
2026-05-25,EURUSD Curncy,1.0517,USD
2026-05-25,EXS1 Equity,408.88,EUR
2026-05-25,GBPUSD Curncy,1.3254,USD
2026-05-25,GLD US Equity,183.87,USD
2026-05-25,JPM US Equity,165.52,USD
2026-05-25,MSFT US Equity,477.07,USD
2026-05-25,NESN VX Equity,99.15,CHF
2026-05-25,SAP US Equity,240.19,EUR
2026-05-25,SPX Index,8310.26,USD
2026-05-25,SPY US Equity,529.47,USD
2026-05-25,SX5E Index,4460.46,EUR
2026-05-25,SX5E01 Corp,105.77,EUR
2026-05-25,TLT US Equity,84.52,USD
2026-05-25,US912810TM79 Govt,94.06,USD
2026-05-25,US912828YK09 Govt,101.87,USD
2026-05-25,XS2543791470 Corp,93.14,EUR
2026-05-26,AAPL US Equity,276.3,USD
2026-05-26,ASML US Equity,734.22,EUR
2026-05-26,CHFUSD Curncy,1.07,USD
2026-05-26,CHFUSD Curncy,1.0723,USD
2026-05-26,Cash,1.00,EUR
2026-05-26,DBAB Govt,100.55,EUR
2026-05-26,DBR 0 08/15/29 Govt,93.16,EUR
2026-05-26,EURUSD Curncy,1.0476,USD
2026-05-26,EXS1 Equity,405.04,EUR
2026-05-26,GBPUSD Curncy,1.3237,USD
2026-05-26,GLD US Equity,185.59,USD
2026-05-26,JPM US Equity,167.73,USD
2026-05-26,MSFT US Equity,477.06,USD
2026-05-26,NESN VX Equity,100.81,CHF
2026-05-26,SAP US Equity,240.70,EUR
2026-05-26,SPX Index,8379.39,USD
2026-05-26,SPY US Equity,523.17,USD
2026-05-26,SX5E Index,4398.91,EUR
2026-05-26,SX5E01 Corp,105.09,EUR
2026-05-26,TLT US Equity,84.7,USD
2026-05-26,US912810TM79 Govt,94.33,USD
2026-05-26,US912828YK09 Govt,101.85,USD
2026-05-26,XS2543791470 Corp,92.93,EUR
2026-05-27,AAPL US Equity,270.12,USD
2026-05-27,ASML US Equity,747.27,EUR
2026-05-27,CHFUSD Curncy,1.06,USD
2026-05-27,CHFUSD Curncy,1.0654,USD
2026-05-27,Cash,1.00,EUR
2026-05-27,DBAB Govt,100.85,EUR
2026-05-27,DBR 0 08/15/29 Govt,92.9,EUR
2026-05-27,EURUSD Curncy,1.0452,USD
2026-05-27,EXS1 Equity,400.68,EUR
2026-05-27,GBPUSD Curncy,1.3155,USD
2026-05-27,GLD US Equity,187.95,USD
2026-05-27,JPM US Equity,164.7,USD
2026-05-27,MSFT US Equity,477.34,USD
2026-05-27,NESN VX Equity,103.38,CHF
2026-05-27,SAP US Equity,242.95,EUR
2026-05-27,SPX Index,8475.39,USD
2026-05-27,SPY US Equity,519.59,USD
2026-05-27,SX5E Index,4423.1,EUR
2026-05-27,SX5E01 Corp,104.27,EUR
2026-05-27,TLT US Equity,85.3,USD
2026-05-27,US912810TM79 Govt,94.35,USD
2026-05-27,US912828YK09 Govt,102.19,USD
2026-05-27,XS2543791470 Corp,92.52,EUR
2026-05-28,AAPL US Equity,278.13,USD
2026-05-28,ASML US Equity,757.65,EUR
2026-05-28,CHFUSD Curncy,1.07,USD
2026-05-28,CHFUSD Curncy,1.0609,USD
2026-05-28,Cash,1.00,EUR
2026-05-28,DBAB Govt,102.24,EUR
2026-05-28,DBR 0 08/15/29 Govt,92.89,EUR
2026-05-28,EURUSD Curncy,1.0456,USD
2026-05-28,EXS1 Equity,397.85,EUR
2026-05-28,GBPUSD Curncy,1.3263,USD
2026-05-28,GLD US Equity,189.31,USD
2026-05-28,JPM US Equity,166.08,USD
2026-05-28,MSFT US Equity,474.07,USD
2026-05-28,NESN VX Equity,104.08,CHF
2026-05-28,SAP US Equity,248.18,EUR
2026-05-28,SPX Index,8483.78,USD
2026-05-28,SPY US Equity,520.18,USD
2026-05-28,SX5E Index,4411.98,EUR
2026-05-28,SX5E01 Corp,105.55,EUR
2026-05-28,TLT US Equity,85.35,USD
2026-05-28,US912810TM79 Govt,94.63,USD
2026-05-28,US912828YK09 Govt,102.29,USD
2026-05-28,XS2543791470 Corp,92.44,EUR
2026-05-29,AAPL US Equity,271.01,USD
2026-05-29,ASML US Equity,747.23,EUR
2026-05-29,CHFUSD Curncy,1.05,USD
2026-05-29,CHFUSD Curncy,1.0657,USD
2026-05-29,Cash,1.00,EUR
2026-05-29,DBAB Govt,102.27,EUR
2026-05-29,DBR 0 08/15/29 Govt,93.37,EUR
2026-05-29,EURUSD Curncy,1.0435,USD
2026-05-29,EXS1 Equity,400.83,EUR
2026-05-29,GBPUSD Curncy,1.3168,USD
2026-05-29,GLD US Equity,187.17,USD
2026-05-29,JPM US Equity,169.94,USD
2026-05-29,MSFT US Equity,478.47,USD
2026-05-29,NESN VX Equity,104.47,CHF
2026-05-29,SAP US Equity,245.89,EUR
2026-05-29,SPX Index,8634.92,USD
2026-05-29,SPY US Equity,517.01,USD
2026-05-29,SX5E Index,4468.5,EUR
2026-05-29,SX5E01 Corp,105.40,EUR
2026-05-29,TLT US Equity,86.08,USD
2026-05-29,US912810TM79 Govt,94.6,USD
2026-05-29,US912828YK09 Govt,102.43,USD
2026-05-29,XS2543791470 Corp,93.23,EUR
2026-06-01,AAPL US Equity,268.83,USD
2026-06-01,ASML US Equity,735.51,EUR
2026-06-01,CHFUSD Curncy,1.05,USD
2026-06-01,CHFUSD Curncy,1.0633,USD
2026-06-01,Cash,1.00,EUR
2026-06-01,DBAB Govt,101.85,EUR
2026-06-01,DBR 0 08/15/29 Govt,93.22,EUR
2026-06-01,EURUSD Curncy,1.037,USD
2026-06-01,EXS1 Equity,399.33,EUR
2026-06-01,GBPUSD Curncy,1.3139,USD
2026-06-01,GLD US Equity,186.18,USD
2026-06-01,JPM US Equity,163.33,USD
2026-06-01,MSFT US Equity,470.82,USD
2026-06-01,NESN VX Equity,102.91,CHF
2026-06-01,SAP US Equity,238.25,EUR
2026-06-01,SPX Index,8516.81,USD
2026-06-01,SPY US Equity,507.44,USD
2026-06-01,SX5E Index,4537.63,EUR
2026-06-01,SX5E01 Corp,105.88,EUR
2026-06-01,TLT US Equity,85.72,USD
2026-06-01,US912810TM79 Govt,94.63,USD
2026-06-01,US912828YK09 Govt,102.61,USD
2026-06-01,XS2543791470 Corp,92.6,EUR
2026-06-02,AAPL US Equity,269.42,USD
2026-06-02,ASML US Equity,735.47,EUR
2026-06-02,CHFUSD Curncy,1.04,USD
2026-06-02,CHFUSD Curncy,1.0856,USD
2026-06-02,Cash,1.00,EUR
2026-06-02,DBAB Govt,101.37,EUR
2026-06-02,DBR 0 08/15/29 Govt,93.52,EUR
2026-06-02,EURUSD Curncy,1.0373,USD
2026-06-02,EXS1 Equity,413.32,EUR
2026-06-02,GBPUSD Curncy,1.3147,USD
2026-06-02,GLD US Equity,187.09,USD
2026-06-02,JPM US Equity,161.24,USD
2026-06-02,MSFT US Equity,469.76,USD
2026-06-02,NESN VX Equity,101.87,CHF
2026-06-02,SAP US Equity,239.53,EUR
2026-06-02,SPX Index,8496.43,USD
2026-06-02,SPY US Equity,507.82,USD
2026-06-02,SX5E Index,4692.59,EUR
2026-06-02,SX5E01 Corp,105.69,EUR
2026-06-02,TLT US Equity,86.69,USD
2026-06-02,US912810TM79 Govt,93.87,USD
2026-06-02,US912828YK09 Govt,102.74,USD
2026-06-02,XS2543791470 Corp,91.85,EUR
2026-06-03,AAPL US Equity,276.46,USD
2026-06-03,ASML US Equity,767.19,EUR
2026-06-03,CHFUSD Curncy,1.04,USD
2026-06-03,CHFUSD Curncy,1.0776,USD
2026-06-03,Cash,1.00,EUR
2026-06-03,DBAB Govt,101.32,EUR
2026-06-03,DBR 0 08/15/29 Govt,93.84,EUR
2026-06-03,EURUSD Curncy,1.0329,USD
2026-06-03,EXS1 Equity,408.24,EUR
2026-06-03,GBPUSD Curncy,1.3242,USD
2026-06-03,GLD US Equity,184.8,USD
2026-06-03,JPM US Equity,162.71,USD
2026-06-03,MSFT US Equity,470.55,USD
2026-06-03,NESN VX Equity,101.93,CHF
2026-06-03,SAP US Equity,240.52,EUR
2026-06-03,SPX Index,8423.05,USD
2026-06-03,SPY US Equity,501.35,USD
2026-06-03,SX5E Index,4727.68,EUR
2026-06-03,SX5E01 Corp,106.34,EUR
2026-06-03,TLT US Equity,88.3,USD
2026-06-03,US912810TM79 Govt,94.22,USD
2026-06-03,US912828YK09 Govt,102.94,USD
2026-06-03,XS2543791470 Corp,92.53,EUR
2026-06-04,AAPL US Equity,269.36,USD
2026-06-04,ASML US Equity,746.95,EUR
2026-06-04,CHFUSD Curncy,1.05,USD
2026-06-04,CHFUSD Curncy,1.0670,USD
2026-06-04,Cash,1.00,EUR
2026-06-04,DBAB Govt,100.29,EUR
2026-06-04,DBR 0 08/15/29 Govt,93.73,EUR
2026-06-04,EURUSD Curncy,1.0348,USD
2026-06-04,EXS1 Equity,401.51,EUR
2026-06-04,GBPUSD Curncy,1.3147,USD
2026-06-04,GLD US Equity,186.12,USD
2026-06-04,JPM US Equity,162.16,USD
2026-06-04,MSFT US Equity,474.15,USD
2026-06-04,NESN VX Equity,102.54,CHF
2026-06-04,SAP US Equity,237.89,EUR
2026-06-04,SPX Index,8235.89,USD
2026-06-04,SPY US Equity,504.17,USD
2026-06-04,SX5E Index,4747.35,EUR
2026-06-04,SX5E01 Corp,106.21,EUR
2026-06-04,TLT US Equity,88.04,USD
2026-06-04,US912810TM79 Govt,94.35,USD
2026-06-04,US912828YK09 Govt,103.35,USD
2026-06-04,XS2543791470 Corp,92.43,EUR
2026-06-05,AAPL US Equity,275.02,USD
2026-06-05,ASML US Equity,738.96,EUR
2026-06-05,CHFUSD Curncy,1.05,USD
2026-06-05,CHFUSD Curncy,1.0744,USD
2026-06-05,Cash,1.00,EUR
2026-06-05,DBAB Govt,100.19,EUR
2026-06-05,DBR 0 08/15/29 Govt,93.84,EUR
2026-06-05,EURUSD Curncy,1.031,USD
2026-06-05,EXS1 Equity,406.14,EUR
2026-06-05,GBPUSD Curncy,1.3224,USD
2026-06-05,GLD US Equity,185.66,USD
2026-06-05,JPM US Equity,163.11,USD
2026-06-05,MSFT US Equity,479.18,USD
2026-06-05,NESN VX Equity,103.26,CHF
2026-06-05,SAP US Equity,241.62,EUR
2026-06-05,SPX Index,8227.13,USD
2026-06-05,SPY US Equity,498.6,USD
2026-06-05,SX5E Index,4758.96,EUR
2026-06-05,SX5E01 Corp,107.03,EUR
2026-06-05,TLT US Equity,87.72,USD
2026-06-05,US912810TM79 Govt,94.72,USD
2026-06-05,US912828YK09 Govt,103.41,USD
2026-06-05,XS2543791470 Corp,92.12,EUR
2026-06-08,AAPL US Equity,275.02,USD
2026-06-08,ASML US Equity,764.12,EUR
2026-06-08,CHFUSD Curncy,1.06,USD
2026-06-08,CHFUSD Curncy,1.0881,USD
2026-06-08,Cash,1.00,EUR
2026-06-08,DBAB Govt,100.24,EUR
2026-06-08,DBR 0 08/15/29 Govt,94.15,EUR
2026-06-08,EURUSD Curncy,1.0374,USD
2026-06-08,EXS1 Equity,414.80,EUR
2026-06-08,GBPUSD Curncy,1.3224,USD
2026-06-08,GLD US Equity,184.96,USD
2026-06-08,JPM US Equity,161.52,USD
2026-06-08,MSFT US Equity,471.11,USD
2026-06-08,NESN VX Equity,102.66,CHF
2026-06-08,SAP US Equity,244.26,EUR
2026-06-08,SPX Index,8214.53,USD
2026-06-08,SPY US Equity,507.93,USD
2026-06-08,SX5E Index,4736.76,EUR
2026-06-08,SX5E01 Corp,106.83,EUR
2026-06-08,TLT US Equity,88.75,USD
2026-06-08,US912810TM79 Govt,93.63,USD
2026-06-08,US912828YK09 Govt,103.63,USD
2026-06-08,XS2543791470 Corp,92.6,EUR
2026-06-09,AAPL US Equity,270.16,USD
2026-06-09,ASML US Equity,755.60,EUR
2026-06-09,CHFUSD Curncy,1.06,USD
2026-06-09,CHFUSD Curncy,1.0931,USD
2026-06-09,Cash,1.00,EUR
2026-06-09,DBAB Govt,101.72,EUR
2026-06-09,DBR 0 08/15/29 Govt,94.07,EUR
2026-06-09,EURUSD Curncy,1.0342,USD
2026-06-09,EXS1 Equity,417.95,EUR
2026-06-09,GBPUSD Curncy,1.3159,USD
2026-06-09,GLD US Equity,186.27,USD
2026-06-09,JPM US Equity,161.72,USD
2026-06-09,MSFT US Equity,460.34,USD
2026-06-09,NESN VX Equity,101.25,CHF
2026-06-09,SAP US Equity,239.89,EUR
2026-06-09,SPX Index,8364.48,USD
2026-06-09,SPY US Equity,503.14,USD
2026-06-09,SX5E Index,4757.25,EUR
2026-06-09,SX5E01 Corp,107.72,EUR
2026-06-09,TLT US Equity,89.87,USD
2026-06-09,US912810TM79 Govt,94.42,USD
2026-06-09,US912828YK09 Govt,103.61,USD
2026-06-09,XS2543791470 Corp,92.32,EUR
2026-06-10,AAPL US Equity,272.37,USD
2026-06-10,ASML US Equity,748.72,EUR
2026-06-10,CHFUSD Curncy,1.06,USD
2026-06-10,CHFUSD Curncy,1.1013,USD
2026-06-10,Cash,1.00,EUR
2026-06-10,DBAB Govt,102.49,EUR
2026-06-10,DBR 0 08/15/29 Govt,94.04,EUR
2026-06-10,EURUSD Curncy,1.0328,USD
2026-06-10,EXS1 Equity,423.19,EUR
2026-06-10,GBPUSD Curncy,1.319,USD
2026-06-10,GLD US Equity,187.09,USD
2026-06-10,JPM US Equity,161.3,USD
2026-06-10,MSFT US Equity,469.2,USD
2026-06-10,NESN VX Equity,100.30,CHF
2026-06-10,SAP US Equity,242.12,EUR
2026-06-10,SPX Index,8427.43,USD
2026-06-10,SPY US Equity,501.16,USD
2026-06-10,SX5E Index,4738.61,EUR
2026-06-10,SX5E01 Corp,108.44,EUR
2026-06-10,TLT US Equity,89.49,USD
2026-06-10,US912810TM79 Govt,94.36,USD
2026-06-10,US912828YK09 Govt,104.05,USD
2026-06-10,XS2543791470 Corp,93.16,EUR
